Entity Information,Initial Filling Date,Status,Entity Type,Formed In,Agent
"""A"" STREET PARK PROPERTIES, A CALIFORNIA LIMITED PARTNERSHIP (198503100012)",01/30/1985,Active,Limited Partnership - CA,CALIFORNIA,RANDOLPH W. VOLHEIM
"""PROJECT PARAGON"" A CALIFORNIA LIMITED PARTNERSHIP (198534000056)",12/05/1985,Active,Limited Partnership - CA,CALIFORNIA,THOMAS W. ALEXUS
"""RECEIVING THE COSMIC CHRIST"" PUBLISHING PROJECT OF THE KARUNA FOUNDATION, A CALIFORNIA LIMITED PARTNERSHIP (199000500012)",12/18/1989,Active,Limited Partnership - CA,CALIFORNIA,SUZANNE NUS
"#9 DIMENSION PARK PARTNERS, LTD, A CALIFORNIA LIMITED PARTNERSHIP (199107700013)",03/18/1991,Active,Limited Partnership - CA,CALIFORNIA,STEPHEN REGIER
..UNDER PRESSURE POWER WASH PROFESSIONALS.. (4072088),10/05/2017,Suspended - FTB,Stock Corporation - CA - General,CALIFORNIA,RYKKI  KRINER
"100 BARRINGTON PLACE PARTNERSHIP, A CALIFORNIA LIMITED PARTNERSHIP (198723300035)",08/13/1987,Terminated,Limited Partnership - CA,CALIFORNIA,
"100 BROADWAY PARTICIPATING INCOME GENERAL PARTNERS' CO., A CALIFORNIA LIMITED PARTNERSHIP (198510200042)",04/12/1985,Active,Limited Partnership - CA,CALIFORNIA,RAYMOND FUJII
"10420 PARK AVENUE-VENTURA PROPERTIES, A CALIFORNIA LIMITED PARTNERSHIP (200019200011)",06/30/2000,Active,Limited Partnership - CA,CALIFORNIA,CARY D. ARNOLD
"10829 PALMS PROPERTY, A CALIFORNIA LIMITED PARTNERSHIP (198615300024)",06/02/1986,Terminated,Limited Partnership - CA,CALIFORNIA,B. J. MCMORROW
"1160 PARK PLAZA, A CALIFORNIA LIMITED PARTNERSHIP (198633900010)",12/02/1986,Terminated,Limited Partnership - CA,CALIFORNIA,STUART M. GORDON
"118 PARK PLACE, A LIMITED PARTNERSHIP (198833600043)",11/29/1988,Terminated,Limited Partnership - CA,CALIFORNIA,JOHN T. WASLEY
"118-126 LA PORTE PARTNERSHIP, A CALIFORNIA LIMITED PARTNERSHIP (199000200002)",12/29/1989,Terminated,Limited Partnership - CA,CALIFORNIA,ANTHONY MANISCALCHI
"1227 PROSPECT ASSOCIATES LTD. PARTNERSHIP, A CALIFORNIA LIMITED PARTNERSHIP (198934000023)",12/06/1989,Terminated,Limited Partnership - CA,CALIFORNIA,MR. DENNIS MONK
"123 PEDIATRIC THERAPY, A PHYSICAL THERAPY P.C. (3942959)",09/06/2016,Active,Stock Corporation - CA - General,CALIFORNIA,KAREN HWANG
"125 PACIFIC PARTNERSHIP, A CALIFORNIA LIMITED PARTNERSHIP (198635800051)",12/24/1986,Terminated,Limited Partnership - CA,CALIFORNIA,MICHAEL KOSS
"1300 NORMANDY PARTNERS, A CALIFORNIA LTD. PARTNERSHIP LIMITED PARTNERSHIP (198902300024)",01/18/1989,Active,Limited Partnership - CA,CALIFORNIA,WILLIAM R. MORGAN
"1300 POST STREET PARTNERS, A CALIFORNIA LIMITED PARTNERSHIP (199006400004)",03/02/1990,Active,Limited Partnership - CA,CALIFORNIA,GARY D. RAUGH
"1318 LAS PALMAS PARTNERS, A CALIFORNIA LIMITED PARTNERSHIP (199205500017)",02/14/1992,Active,Limited Partnership - CA,CALIFORNIA,CURTIS ABISH
"1320 PRINCETON STREET PARTNERSHIP, A CALIFORNIA LIMITED PARTNERSHIP (198734300020)",11/30/1987,Terminated,Limited Partnership - CA,CALIFORNIA,JONG EUI KIM
"14031 ASTORIA PLACE PARTNERS, LTD., A CALIFORNIA LIMITED PARTNERSHIP (199028200036)",10/09/1990,Terminated,Limited Partnership - CA,CALIFORNIA,ALAN BEN-PORAT
"14051 ASTORIA PLACE PARTNERS, LTD., A CALIFORNIA LIMITED PARTNERSHIP (199032500017)",11/21/1990,Terminated,Limited Partnership - CA,CALIFORNIA,ALAN BEN-PRAT
"1500 PARK CENTRAL PLAZA, A CALIFORNIA LIMITED PARTNERSHIP (198935400024)",11/28/1989,Terminated,Limited Partnership - CA,CALIFORNIA,LEONARD FRIEDMAN
"1500 PINE PROPERTIES, A CALIFORNIA LIMITED PARTNERSHIP (200020700005)",07/20/2000,Active,Limited Partnership - CA,CALIFORNIA,ARRON KLEIN
"15124 PLUMMER PARTNERS, A CALIFORNIA LIMITED PARTNERSHIP (198732200024)",11/18/1987,Active,Limited Partnership - CA,CALIFORNIA,WILLIAM HANDEL
"155 WABASH PARK PLACE PARTNERS, LLC (201703310632)",01/23/2017,Suspended - FTB,Limited Liability Company - CA,CALIFORNIA,ROBERT ARTURA
"1601 PRECISION PARK, LTD., A CALIFORNIA LIMITED PARTNERSHIP (199202200004)",01/06/1992,Terminated,Limited Partnership - CA,CALIFORNIA,TIMOTHY LICHTY
"16040 PLUMMER PARTNERS, A CALIFORNIA LIMITED PARTNERSHIP (198831400013)",11/01/1988,Active,Limited Partnership - CA,CALIFORNIA,DANIEL B. SPITZER
"1616 POINSETTIA PLAZA, A CALIFORNIA LIMITED PARTNERSHIP (198605000045)",02/19/1986,Terminated,Limited Partnership - CA,CALIFORNIA,"B.J. ADELSON, ESQ."
"1631 PONTIUS ASSOCIATES LIMITED PARTNERSHIP, A LIMITED PARTNERSHIP (198811200034)",04/21/1988,Active,Limited Partnership - CA,CALIFORNIA,MARC LORY
"1634 POMONA PARTNERSHIP, A CALIFORNIA LIMITED PARTNERSHIP (198626100033)",09/18/1986,Active,Limited Partnership - CA,CALIFORNIA,CHARLES WIELAND
"1662 NEWPORT - PARK PLACE ASSOCIATES, A CALIFORNIA LIMITED PARTNERSHIP (199427000028)",09/22/1994,Active,Limited Partnership - CA,CALIFORNIA,KENNETH ROBERTSON
"1810 PURDUE LIMITED PARTNERSHIP, A CALIFORNIA LIMITED PARTNERSHIP (198703600016)",02/04/1987,Active,Limited Partnership - CA,CALIFORNIA,STELLA W. WOO
185 PARKER AVENUE PROPERTIES LIMITED PARTNERSHIP (199509000004),03/28/1995,Active,Limited Partnership - CA,CALIFORNIA,RICHARD WOO JUE
1850 POLK STREET PROPERTIES (A CALIFORNIA LIMITED PARTNERSHIP) (198717500016),06/24/1987,Active,Limited Partnership - CA,CALIFORNIA,JEFFREY RALPH
"189 PARK PLACE LIMITED, A CALIFORNIA LIMITED PARTNERSHIP (198433300055)",11/26/1984,Active,Limited Partnership - CA,CALIFORNIA,NEIL LEWIS
"1901 OLYMPIC PLAZA PARTNERS I ""A CALIFORNIA LIMITED PARTNERSHIP"" (199326600019)",09/23/1993,Active,Limited Partnership - CA,CALIFORNIA,
"1901 OLYMPIC PLAZA PARTNERS II ""A CALIFORNIA LIMITED PARTNERSHIP"" (199326600020)",09/23/1993,Active,Limited Partnership - CA,CALIFORNIA,KEITH SCHILLER
1941 OAK PARK PARTNERS A CALIFORNIA LIMITED PARTNERSHIP (198619100031),07/09/1986,Active,Limited Partnership - CA,CALIFORNIA,VICTOR RAUCH
"1977 PHOENIX LIMITED PARTNERSHIP, A CALIFORNIA LIMITED PARTNERSHIP (198609000025)",03/31/1986,Active,Limited Partnership - CA,CALIFORNIA,MICHAEL J. BICKFORD
"19800 PCH PARTNERS, A CALIFORNIA LIMITED PARTNERSHIP (199017100018)",06/20/1990,Terminated,Limited Partnership - CA,CALIFORNIA,FRANK P. MORSE
"1985 PANKOW FAMILY PARTNERSHIP, A CALIFORNIA LIMITED PARTNERSHIP (198600200008)",12/31/1985,Terminated,Limited Partnership - CA,CALIFORNIA,RUBIN M. TURNER
1986-WALL STREET PLAZA PARTNERS A CALIFORNIA LIMITED PARTNERSHIP (198631700025),11/10/1986,Active,Limited Partnership - CA,CALIFORNIA,"TERRY L. ALLEN, CPA"
"1992-N3 PROPERTIES LIMITED PARTNERSHIP, A CALIFORNIA LIMITED PARTNERSHIP (198432000149)",11/13/1984,Active,Limited Partnership - CA,CALIFORNIA,RICHARD MAHAN
"2000 SIERRA POINT PARKWAY PARTNERS, L.P. (200319800025)",07/17/2003,Terminated,Limited Partnership - CA,CALIFORNIA,ETHAN HO
"20001 PRAIRIE PARTNERS, A CALIFORNIA LIMITED PARTNERSHIP (199123200007)",08/20/1991,Terminated,Limited Partnership - CA,CALIFORNIA,ROBERT DEUTSCHMAN
2016 PACIFIC AVENUE LIMITED PARTNERSHIP A CALIFORNIA LIMITED PARTNERSHIP (198629000051),10/17/1986,Terminated,Limited Partnership - CA,CALIFORNIA,ARJANG PAKPOUR
"20445 PACIFICA DENTAL PARTNERSHIP, A CALIFORNIA LIMITED PARTNERSHIP (198620300007)",07/21/1986,Active,Limited Partnership - CA,CALIFORNIA,SUTHEE TRITASAVIT
"2083 - 2085 PIERPONT PARTNERS, A CALIFORNIA LIMITED PARTNERSHIP (198931700005)",11/13/1989,Terminated,Limited Partnership - CA,CALIFORNIA,JOSEPH L. COLE
"2101 PACIFIC PARTNERS, LTD., A CALIFORNIA LIMITED PARTNERSHIP (198617100019)",06/20/1986,Active,Limited Partnership - CA,CALIFORNIA,"JOHN S. RICHARDS, III"
"211 OCEAN-DOWNTOWN PLAZA GENERAL PARTNERS' CO., A CALIFORNIA LIMITED PARTNERSHIP (198536500054)",12/30/1985,Terminated,Limited Partnership - CA,CALIFORNIA,RAYMOND FUJII
2221 PARK PLACE PARTNERS LLC (201903910427),02/07/2019,Active,Limited Liability Company - Out of State,DELAWARE,Kyle Ransford
"22809 P.C.H. MALIBU PARTNERSHIP, A CALIFORNIA LIMITED PARTNERSHIP (198503600030)",02/04/1985,Active,Limited Partnership - CA,CALIFORNIA,NORMAN R. HAYNIE
"2300 PERALTA LIMITED PARTNERSHIP, A CALIFORNIA LIMITED PARTNERSHIP (199410400022)",04/14/1994,Active,Limited Partnership - CA,CALIFORNIA,PAUL D. MENZIES
2320 Pacific Dr & 2322 Pacific Dr Owners Association (6329210),07/31/2024,Inactive,Name Reservation,CALIFORNIA,NO AGENT
2320 Pacific Dr & 2322 Pacific Dr Owners Association (6397133),09/19/2024,Active,Nonprofit Corporation - CA - Mutual Benefit - Common Interest Development Corporation,CALIFORNIA,NO AGENT
"2360 PACIFIC AVENUE PARTNERS, A LIMITED PARTNERSHIP (198830500008)",10/19/1988,Active,Limited Partnership - CA,CALIFORNIA,
"2419 PAR PLACE INVESTMENT ASSOCIATES, A CALIFORNIA LIMITED PARTNERSHIP (199023400008)",08/22/1990,Terminated,Limited Partnership - CA,CALIFORNIA,JONATHAN W. DELLING
"2423 PAR PLACE INVESTMENT ASSOCIATES, A CALIFORNIA LIMITED PARTNERSHIP (199028800021)",10/15/1990,Terminated,Limited Partnership - CA,CALIFORNIA,JONATHAN W. DELLING
"2425 PURDUE PROPERTIES, A CALIFORNIA LIMITED PARTNERSHIP (199224500026)",08/21/1992,Active,Limited Partnership - CA,CALIFORNIA,GERALD L. WILLIAMS
"2438 SAN PABLO COURT PARTNERS, A CALIFORNIA LIMITED PARTNERSHIP (198430500004)",10/26/1984,Active,Limited Partnership - CA,CALIFORNIA,THOMAS G. HAURY
"2500 SAN PABLO PARTNERS, A CALIFORNIA LIMITED PARTNERSHIP (199413000005)",05/09/1994,Terminated,Limited Partnership - CA,CALIFORNIA,RONALD W. MARTIN
"25752 EL PASEO PARTNERS, LIMITED PARTNERSHIP (199425200024)",09/08/1994,Terminated,Limited Partnership - CA,CALIFORNIA,BRAD BARRETT
"277 PLEASANT ST. PROPERTIES, LTD. A CALIFORNIA LIMITED PARTNERSHIP (198608700002)",03/27/1986,Active,Limited Partnership - CA,CALIFORNIA,ABRAHAM HALEBLIAN
"28559 PUJOL STREET PARTNERS, A CALIFORNIA LIMITED PARTNERSHIP (199121400015)",08/02/1991,Active,Limited Partnership - CA,CALIFORNIA,TIMOTHY M. ISON
"3075 PROSPECT PARK, A CALIFORNIA LIMITED PARTNERSHIP (201700600006)",01/05/2017,Active,Limited Partnership - CA,CALIFORNIA,GEORGE Y SEPAROVICH
"3181 PORTER DRIVE PARTNERSHIP, A CALIFORNIA LIMITED PARTNERSHIP (199714800018)",05/28/1997,Terminated,Limited Partnership - CA,CALIFORNIA,PHILIP D. LEIGHTON
"321 PARK PLACE PROPERTIES, LLC (200608610064)",03/06/2006,Forfeited - FTB,Limited Liability Company - Out of State,NEVADA,TAMMIE PERKINS
"3435 PCH PROPERTIES, A CALIFORNIA LIMITED PARTNERSHIP (200511800009)",04/04/2005,Terminated,Limited Partnership - CA,CALIFORNIA,KATHLEEN REED
"36 JACKSON PLACE PARTNERS, A CALIFORNIA LIMITED PARTNERSHIP (199728900029)",10/10/1997,Terminated,Limited Partnership - CA,CALIFORNIA,DALE A. FROST
"39510 PASEO PADRE ASSOCIATES, A CALIFORNIA LIMITED PARTNERSHIP (199715600010)",06/02/1997,Active,Limited Partnership - CA,CALIFORNIA,JOHN LEUNG
3PWA POWER PRECISION PRO WRESTLING ALLIANCE LLC (202115810507),06/03/2021,Active,Limited Liability Company - CA,CALIFORNIA,ANDERSON REGISTERED AGENTS
"3RD STREET PROMENADE MUSIC PARTNERS, LTD., A CALIFORNIA LIMITED PARTNERSHIP (199132400021)",11/20/1991,Terminated,Limited Partnership - CA,CALIFORNIA,ROBERT D. RESNICK
400 POST STREET PARCAN LIMITED PARTNERSHIP (199329300022),10/20/1993,Terminated,Limited Partnership - Out of State,ILLINOIS,"THE PRENTICE-HALL CORPORATION SYSTEM, INC."
"407 PROGRESS PL., LTD, A CALIFORNIA LIMITED PARTNERSHIP (199734500016)",01/16/1998,Active,Limited Partnership - CA,CALIFORNIA,WADIH DIB JR.
40TH PLACE PARTNERS LIMITED PARTNERSHIP (198929100009),10/16/1989,Active,Limited Partnership - CA,CALIFORNIA,"CRAIG WEINSTEIN, ESQ"
"4115 PLATEAU LIMITED PARTNERSHIP, A CALIFORNIA LIMITED PARTNERSHIP (200008000001)",03/20/2000,Active,Limited Partnership - CA,CALIFORNIA,JOHN ROSSI
4200 PARKWAY PARTNERS LIMITED PARTNERSHIP (200119000002),06/28/2001,Terminated,Limited Partnership - Out of State,OREGON,"NATIONAL REGISTERED AGENTS, INC."
"44 PROMENADE PARTNERSHIP L.P., A CALIFORNIA LIMITED PARTNERSHIP (200006200002)",02/24/2000,Terminated,Limited Partnership - CA,CALIFORNIA,
"4414 WOODMAN PARTNERS, A LIMITED PARTNERSHIP A CALIFORNIA LIMITED PARTNERSHIP (198614100001)",05/20/1986,Terminated,Limited Partnership - CA,CALIFORNIA,MARTIN HAYMAN
"443-449 PINE AVENUE PARTNERS II, LTD., A CALIFORNIA LIMITED PARTNERSHIP (199230300031)",10/29/1992,Terminated,Limited Partnership - CA,CALIFORNIA,"PETER L. P. JANOPAUL, III"
"4550 PICO PARTNERS, A CALIFORNIA LIMITED PARTNERSHIP (198903000033)",01/30/1989,Active,Limited Partnership - CA,CALIFORNIA,DAN GLASER
46/50 PARK PACIFIC ASSOCIATES (A CALIFORNIA LIMITED PARTNERSHIP) (198535100017),12/16/1985,Active,Limited Partnership - CA,CALIFORNIA,NORMAN GOSENFELD
"5 P'S Proper, Preparation, Prevents, Poor, Performance (B20250213005)",07/17/2025,Active,Nonprofit Corporation - CA - Public Benefit,CALIFORNIA,Jacnei Thomas
500 POST PROPERTY LIMITED PARTNERSHIP (198418300091),07/01/1984,Terminated,Limited Partnership - CA,CALIFORNIA,C T CORPORATION SYSTEM
"511 S. PARK VIEW APTS. PARTNERSHIP XXVIII, A CALIF. LIMITED PARTNERSHIP (199301900016)",01/19/1993,Terminated,Limited Partnership - CA,CALIFORNIA,JOHN WARFEL
"511 SOUTH FAIR OAKS PROPERTIES PARTNERSHIP, A CALIFORNIA LIMITED PARTNERSHIP (198636000039)",12/26/1986,Active,Limited Partnership - CA,CALIFORNIA,GARY CARMONA
"520 E. CARSON PLAZA PROPERTY, LTD., A CALIFORNIA LIMITED PARTNERSHIP (198519200013)",07/10/1985,Active,Limited Partnership - CA,CALIFORNIA,LOU OBERMAN
"540 SOUTH SAN PEDRO LIMITED PARTNERSHIP, A CALIFORNIA LIMITED PARTNERSHIP (198633900044)",12/02/1986,Active,Limited Partnership - CA,CALIFORNIA,STANLEY JEONG
"54TH PLACE & BAYSHORE PROPERTIES, LTD., A CALIFORNIA LIMITED PARTNERSHIP (198608400039)",03/24/1986,Active,Limited Partnership - CA,CALIFORNIA,JAMES P. STANGELAND
"5855 PALM PROPERTY, LTD., A CALIFORNIA LIMITED PARTNERSHIP (198736500052)",12/21/1987,Terminated,Limited Partnership - CA,CALIFORNIA,J. NICHOLAS TOLLEMACHE
"5TH & HILL PLAZA PARTNERS, A CALIFORNIA PARTNERSHIP LIMITED PARTNERSHIP (198835600068)",12/19/1988,Terminated,Limited Partnership - CA,CALIFORNIA,SHAMBHU K. RAI
5TH AND P PARTNERS LIMITED PARTNERSHIP (199011600017),04/26/1990,Terminated,Limited Partnership - CA,CALIFORNIA,DANIEL E. OTTER
"600 PENNSYLVANIA LIMITED PARTNERSHIP, A CALIFORNIA LIMITED PARTNERSHIP (198518300153)",07/01/1985,Terminated,Limited Partnership - CA,CALIFORNIA,RICHARD F. SEQUEIRA
608 PICO PLACE PROJECT LLC (200304910035),02/14/2003,Terminated,Limited Liability Company - CA,CALIFORNIA,MAHMOUD SALARKIA
"6131 PACIFIC BOULEVARD PARTNERSHIP, A CALIFORNIA LIMITED PARTNERSHIP (198818700032)",07/05/1988,Active,Limited Partnership - CA,CALIFORNIA,IRAJ BEROUKHIM
"6535 PACIFIC BOULEVARD PARTNERSHIP, A CALIFORNIA LIMITED PARTNERSHIP (198810200032)",04/11/1988,Terminated,Limited Partnership - CA,CALIFORNIA,IRAJ BEROUKHIM
"6930 DE CELIS PLACE TOWNHOUSE PROJECT, A CALIFORNIA LIMITED PARTNERSHIP (198817500001)",06/21/1988,Active,Limited Partnership - CA,CALIFORNIA,BERNARD S. WEISS
"7004 PACIFIC BOULEVARD PARTNERSHIP, LTD., A CALIFORNIA LIMITED PARTNERSHIP (198906100034)",03/02/1989,Active,Limited Partnership - CA,CALIFORNIA,K. JOSEPH SHABANI
"701 LIDO PARK PARTNERSHIP, A CALIFORNIA LIMITED PARTNERSHIP (198725100011)",09/08/1987,Terminated,Limited Partnership - CA,CALIFORNIA,RUSSELL E. FLUTER
"707 CENTURY PACIFIC 1994 PARTNERS, A CALIFORNIA LIMITED PARTNERSHIP (199524800009)",08/30/1995,Terminated,Limited Partnership - CA,CALIFORNIA,"CHARLES E. CURTIS, ESQ."
"707 EDEN PALMS PARTNERS, A CALIFORNIA LIMITED PARTNERSHIP (199517900019)",06/27/1995,Active,Limited Partnership - CA,CALIFORNIA,
"7115 SUNSET PENGUIN'S PLACE, LTD., A CALIFORNIA LIMITED PARTNERSHIP (198606400006)",03/05/1986,Active,Limited Partnership - CA,CALIFORNIA,ALAN C. FOX
"714 PALISADES FINANCIAL PARTNERS, LTD., A CALIFORNIA LIMITED PARTNERSHIP (199510400014)",04/13/1995,Active,Limited Partnership - CA,CALIFORNIA,RONALD C. HALLAL
"720 S. WESTLAKE PROPERTY - ROYAL PALMS ASSOCIATES, A CALIFORNIA LIMITED PARTNERSHIP (199204100017)",02/06/1992,Active,Limited Partnership - CA,CALIFORNIA,MARK MANDELBAUM
"731 NORTH ST. ANDREWS PLACE PARTNERSHIP, A CALIFORNIA LIMITED PARTNERSHIP (199528400016)",10/06/1995,Active,Limited Partnership - CA,CALIFORNIA,DAN REGWAN
"7459 HOLLYWOOD BLVD. PROPERTY LIMITED PARTNERSHIP, A CALIFORNIA LIMITED PARTNERSHIP (199022600005)",08/13/1990,Active,Limited Partnership - CA,CALIFORNIA,LUDMILLA BADE
"810 FREMONT SOUTH PASADENA PARTNERSHIP, A CALIFORNIA LIMITED PARTNERSHIP (199732900011)",11/21/1997,Terminated,Limited Partnership - CA,CALIFORNIA,HELEN WOO
"825 POST STREET ASSOCIATES, LP DBA IN CA 825 POST STREET PROPERTIES, LP (201308700010)",03/27/2013,Terminated,Limited Partnership - Out of State,DELAWARE,MARIO N DAHDAH
"842 PALM PARTNERSHIP, A CALIFORNIA LIMITED PARTNERSHIP (198716200032)",06/11/1987,Active,Limited Partnership - CA,CALIFORNIA,WALTER FEINBLUM
"8670 PROPERTY PARTNERS, LTD., A CALIFORNIA LIMITED PARTNERSHIP (199411500014)",04/25/1994,Active,Limited Partnership - CA,CALIFORNIA,JACOB MARGALIT
"9727 OAK PASS ROAD PARTNERSHIP, A CALIFORNIA LIMITED PARTNERSHIP (199026200005)",09/18/1990,Terminated,Limited Partnership - CA,CALIFORNIA,FRED S. YONG
"99TH PLACE PROJECT, LTD., A CALIFORNIA LIMITED PARTNERSHIP (198804900042)",02/17/1988,Terminated,Limited Partnership - CA,CALIFORNIA,CHARLES G. MCCONNELL
A & M PRECIADO POOL PLASTERING INC. (3693674),07/14/2014,Suspended - FTB,Stock Corporation - CA - General,CALIFORNIA,ARMANDO  PRECIADO
A & P PAPER & PLASTIC SUPPLY LLC (200715510128),06/04/2007,Converted Out,Limited Liability Company - CA,CALIFORNIA,AMANCIO PEREZ
A & P PAPER AND PLASTIC SUPPLY INC. (3264951),06/04/2007,Suspended - FTB/SOS,Stock Corporation - CA - General,CALIFORNIA,ARMANCIO  PEREZ
"A & P PROPELLER & PARTS, INC. (823970)",08/11/1977,Terminated,Stock Corporation - CA - General,CALIFORNIA,
"A & P SCOTT FAMILY LIMITED PARTNERSHIP, A CALIFORNIA LIMITED PARTNERSHIP (199331400029)",11/08/1993,Active,Limited Partnership - CA,CALIFORNIA,PATRICIA L. SCOTT
A PLUS PARK PLUMBING (3017948),07/05/2007,Active,Stock Corporation - CA - General,CALIFORNIA,PERLA H. CARDENAS
A PLUS PRESTIGE MOBILE DETAILING AND PRESSURE WASHING LIMITED LIABILITY COMPANY (201903510400),01/30/2019,Suspended - FTB/SOS,Limited Liability Company - CA,CALIFORNIA,ALTON DARDEN DARDE
A PLUS PRINTING LIMITED PARTNERSHIP (199204500011),02/10/1992,Active,Limited Partnership - CA,CALIFORNIA,ROBERT SU
A PLUS PROPERTY PRESERVATION GROUP INC. (3179160),01/22/2009,Suspended - FTB,Stock Corporation - CA - General,CALIFORNIA,LINDA  COTHREN
"A PLUS PROPERTY PRESERVATION, INC. (3138137)",01/20/2009,Terminated,Stock Corporation - Out of State - Stock,NEVADA,KATHRYN  MILLER
"A PLUS PROPERTY PRESERVATION, LLC (200809310039)",03/27/2008,Suspended - FTB,Limited Liability Company - CA,CALIFORNIA,DUSTIN J YORK
"A Portia Pickles Porkchop Property, LLC (202462218212)",05/14/2024,Active,Limited Liability Company - CA,CALIFORNIA,Dawn Boman
"A. MARTIN GOODMAN, PHD, PSYCHOLOGIST, A PROFESSIONAL CORPORATION (3202726)",03/04/2009,Active,Stock Corporation - CA - Professional,CALIFORNIA,alan M goodman PH.D.
"A. P. PERETTI, M.D., A PROFESSIONAL CORPORATION (1514636)",07/03/1990,Suspended - FTB,Stock Corporation - CA - Professional,CALIFORNIA,PAULINE  PERETTI
A.C. LIMITED PARTNERSHIP OF EDEN PRAIRIE (A MINNESOTA PARTNERSHIP) (198528800012),10/15/1985,Active,Limited Partnership - Out of State,MINNESOTA,
"A39 PARTNERS, L.P. (200500400005)",01/03/2005,Terminated,Limited Partnership - Out of State,DELAWARE,DANIEL A. DAVID
"AARON R. MONTGOMERY PSY. D., A PROFESSIONAL PSYCHOLOGY CORPORATION (3981497)",01/11/2017,Active,Stock Corporation - CA - Professional,CALIFORNIA,AARON MONTGOMERY
"ABERDEEN PRODUCTION LIMITED PARTNERSHIP, A CALIFORNIA LIMITED PARTNERSHIP (198821600018)",08/03/1988,Active,Limited Partnership - CA,CALIFORNIA,MICHAEL C. NORMOYLE
ABILITIES PEDIATRIC PHYSICAL THERAPY PC (4566176),02/13/2020,Active,Stock Corporation - CA - Professional,CALIFORNIA,A BETTER PROFESSIONAL CORPORATION
"ACACIA PALMS LIMITED PARTNERS, A CALIFORNIA LIMITED PARTNERSHIP (199312400012)",05/04/1993,Terminated,Limited Partnership - CA,CALIFORNIA,THEODORE S  KOKERNAK
"ACACIA PARK PLAZA, A CALIFORNIA LIMITED PARTNERSHIP (198914300002)",05/19/1989,Active,Limited Partnership - CA,CALIFORNIA,CHARLES N. HULSE
"ACADEMY PICTURES MOTION PICTURE & TELEVISION PRODUCTION, A LIMITED LIABILITY COMPANY (199533910018)",12/05/1995,Suspended - FTB/SOS,Limited Liability Company - CA,CALIFORNIA,KEVIN SIVA
"ACCRETIVE PACIFIC PARK PARTNERS, LLC (201227610148)",10/01/2012,Terminated,Limited Liability Company - CA,CALIFORNIA,THOMAS LEBEAU
ACLAI Preventative Physiotherapy P.C. (B20250372127),11/17/2025,Active,Stock Corporation - CA - Professional,CALIFORNIA,"UNITED STATES CORPORATION AGENTS, INC."
"ACME POSDEF PARTNERS, L.P., A CALIFORNIA LIMITED PARTNERSHIP (199223400001)",08/20/1992,Terminated,Limited Partnership - CA,CALIFORNIA,C T CORPORATION SYSTEM
Adam G Fogel PhD A Professional Psychology Corporation (5277383),10/04/2022,Terminated,Stock Corporation - CA - Professional,CALIFORNIA,"MYCORPORATION BUSINESS SERVICES, INC."
Adam G Fogel PhD A Professional Psychology Corporation (5286982),01/01/2023,Active,Stock Corporation - CA - Professional,CALIFORNIA,"MYCORPORATION BUSINESS SERVICES, INC."
"ADDISON PLACE PARTNERS, A CALIFORNIA LIMITED PARTNERSHIP (198434800031)",12/13/1984,Active,Limited Partnership - CA,CALIFORNIA,HOWARD STONE
"ADMIRALTY PROPERTIES LIMITED PARTNERSHIP, A CALIFORNIA LIMITED PARTNERSHIP (199310400005)",04/14/1993,Active,Limited Partnership - CA,CALIFORNIA,SUSAN MARY TANCREDI
"ADRIANA POPESCU, PSYCHOLOGIST PC (4763607)",07/08/2021,Active,Stock Corporation - CA - Professional,CALIFORNIA,"UNITED STATES CORPORATION AGENTS, INC."
"ADRIENNE E. PASEK, PROFESSIONAL PSYCHOLOGIST CORPORATION (3509204)",10/02/2012,Active,Stock Corporation - CA - General,CALIFORNIA,ADRIENNE E PASEK
ADVANCED P.T. & REHAB DEFINED BENEFIT PENSION PLAN (3364168),01/24/2011,Suspended - FTB,Stock Corporation - CA - General,CALIFORNIA,BRUCE M GREENFIELD
ADVANCED PROCARE PHYSICAL THERAPY PC (5335772),11/15/2022,Active,Stock Corporation - CA - Professional,CALIFORNIA,JOSEPHINE MAGBAG
"AESTHETICARE, CHARLES P. VIRDEN, M.D., A PROFESSIONAL CORPORATION, DBA: AESTHETICARE, CHARLES P. VIRDEN, M.D. (3428851)",11/21/2011,Terminated,Stock Corporation - Out of State - Stock,NEVADA,CHARLES PATRICK VIRDEN
"AF PALOMAR PARTNERS, A CALIFORNIA LIMITED PARTNERSHIP (198903200016)",02/01/1989,Active,Limited Partnership - CA,CALIFORNIA,JOHN M. FERGUSON
AFC #38-AMERICAN HOUSING PRESERVATION PROGRAM A CALIFORNIA LIMITED PARTNERSHIP (198800700013),12/24/1987,Active,Limited Partnership - CA,CALIFORNIA,"D. MAX PERRY, ESQ."
"AFC #39-AMERICAN HOUSING PRESERVATION PROGRAM, A CALIFORNIA LIMITED PARTNERSHIP (198800700014)",12/24/1987,Active,Limited Partnership - CA,CALIFORNIA,"D. MAX PERRY, ESQ."
"AFF PARTNERSHIP #2802A, A LIMITED PARTNERSHIP A CALIFORNIA LIMITED PARTNERSHIP (198626800034)",09/25/1986,Terminated,Limited Partnership - CA,CALIFORNIA,MARGARET SCOTT
"AFF PARTNERSHIP #2802B, A LIMITED PARTNERSHIP A CALIFORNIA LIMITED PARTNERSHIP (198626800035)",09/25/1986,Terminated,Limited Partnership - CA,CALIFORNIA,
"AFF PARTNERSHIP #3158, A LIMITED PARTNERSHIP A CALIFORNIA LIMITED PARTNERSHIP (198626800036)",09/25/1986,Terminated,Limited Partnership - CA,CALIFORNIA,
AFFILIATED PHYSICIANS PHYSICAL THERAPY/CARDIAC REHABILITATION LIMITED PARTNERSHIP (198905300040),02/21/1989,Terminated,Limited Partnership - CA,CALIFORNIA,"DAVID PLOTKIN, M.D."
AGREEMENT OF LIMITED PARTNERSHIP OF ANNETTE M.CARL LIMITED PARTNERSHIP A CALIFORNIA LIMITED PARTNERSHIP (199401800033),01/03/1994,Active,Limited Partnership - CA,CALIFORNIA,RICHARD ALLEN CARL
"AIMEE E. ANDERSON, PH.D., A PROFESSIONAL PSYCHOLOGY CORPORATION (2490063)",12/30/2002,Active,Stock Corporation - CA - Professional,CALIFORNIA,AIMEE E. ANDERSON
"AIMEE M. BOHLANDER, R.P.T., PRIVATE PRACTICE PHYSICAL THERAPY, INC. (1144176)",06/17/1983,Terminated,Stock Corporation - CA - General,CALIFORNIA,AIMEE M BOHLANDER
"AIRPORT PLAZA PARTNERS, LTD., A CALIFORNIA LIMITED PARTNERSHIP (198424300064)",08/30/1984,Active,Limited Partnership - CA,CALIFORNIA,ALAN R. EBER
"AIRPORT PROFESSIONAL PLAZA, A CALIFORNIA LIMITED PARTNERSHIP (198934500041)",12/11/1989,Active,Limited Partnership - CA,CALIFORNIA,STEPHEN F. SNOW
"AIRWAY PARK PROPERTIES, LTD., A CALIFORNIA LIMITED PARTNERSHIP (198530800029)",11/04/1985,Active,Limited Partnership - CA,CALIFORNIA,R. DEAN BURCHETT
AIRWAY PROFESSIONAL PLAZA PROPERTY OWNERS' ASSOCIATION (1806862),03/11/1992,Active,Nonprofit Corporation - CA - Mutual Benefit - Common Interest Development Corporation,CALIFORNIA,Andre Kasko
"AJM PRODUCTIONS, PUBLICATIONS & MORGASON'S PERSONAL MANAGEMENT GROUP (2519930)",07/15/2003,Terminated,Stock Corporation - CA - General,CALIFORNIA,PRECIOUS-LEE  MCDUFFIE
"AKAMAI PHOTO PARTNERS, LTD., A CALIFORNIA LIMITED PARTNERSHIP (198620300005)",07/18/1986,Active,Limited Partnership - CA,CALIFORNIA,MARTHA ELIZABETH CORIAN
"ALAMO PLAZA DEVELOPMENT PARTNERS, A CALIFORNIA LIMITED PARTNERSHIP (198820800013)",07/26/1988,Active,Limited Partnership - CA,CALIFORNIA,"DAVID J. LONICH, ESQ., WILSON, RYAN & CAMPILONGO"
"ALAN A. MODARRESSI, PH.D., A PROFESSIONAL PSYCHOLOGY CORPORATION (3070658)",12/19/2007,Active,Stock Corporation - CA - Professional,CALIFORNIA,MICHAEL PARTO
"ALAN SUGARMAN, PH.D., A PROFESSIONAL PSYCHOLOGICAL CORPORATION (1464252)",06/29/1989,Active,Stock Corporation - CA - Professional,CALIFORNIA,ALAN STEPHEN SUGARMAN
"ALASKA SEABOARD PARTNERS LIMITED PARTNERSHIP, A DELAWARE LIMITED PARTNERSHIP (199515300023)",06/01/1995,Active,Limited Partnership - Out of State,DELAWARE,"THE PRENTICE-HALL CORPORATION SYSTEM, INC."
"ALBERT J. KASTL, PH.D., PSYCHOLOGIST, INC. A PROFESSIONAL CORPORATION (930324)",09/07/1979,Active,Stock Corporation - CA - Professional,CALIFORNIA,ALBERT J KASTL
"ALESSANDRO PLAZA PARTNERSHIP, A CALIFORNIA LIMITED PARTNERSHIP (198932100006)",11/14/1989,Active,Limited Partnership - CA,CALIFORNIA,THOMAS S. LEE
"ALFRED J. PERES FAMILY PARTNERSHIP, A CALIFORNIA LIMITED PARTNERSHIP (199912700002)",04/30/1999,Terminated,Limited Partnership - CA,CALIFORNIA,ALFRED J. PERES
ALHAMBRA WESTMINSTER INDUSTRIAL PARK PARTNERSHIP A CALIFORNIA LIMITED PARTNERSHIP (198802600022),01/26/1988,Terminated,Limited Partnership - CA,CALIFORNIA,CALVIN C. TAN
"ALICIA PARK APARTMENTS, L. P., A CALIFORNIA LIMITED PARTNERSHIP (198418900990)",07/02/1984,Active,Limited Partnership - CA,CALIFORNIA,CORPORATION SERVICE COMPANY WHICH WILL DO BUSINESS IN CALIFORNIA AS CSC - LAWYERS INCORPORATING SERVICE
"Align Sports and Performance Psychology, PC (5377649)",12/16/2022,Inactive,Name Reservation,CALIFORNIA,NO AGENT
"Alina P. Halonen, A LICENSED PROFESSIONAL CLINICAL COUNSELOR Corporation (5379289)",01/19/2023,Active,Stock Corporation - CA - Professional,CALIFORNIA,Alina Pettina Halonen
ALISO CREEK PHASE I PARTNERS LP (A CALIFORNIA LIMITED PARTNERSHIP) (199010200036),04/12/1990,Active,Limited Partnership - CA,CALIFORNIA,"AI-WOODWARD, ESQ."
"ALISYN J. PALLA, PC A PROFESSIONAL LAW CORPORATION (4225363)",12/26/2018,Active,Stock Corporation - CA - Professional,CALIFORNIA,ALISYN J PALLA
"ALL PACIFIC COAST PROPERTIES #6, A CALIFORNIA LIMITED PARTNERSHIP (198901900003)",01/19/1989,Active,Limited Partnership - CA,CALIFORNIA,BARRY SCHWEIGER
"ALL PACIFIC COAST PROPERTIES LIMITED #3, A CALIFORNIA LIMITED PARTNERSHIP (198426100108)",09/17/1984,Active,Limited Partnership - CA,CALIFORNIA,BARRY J. SCHWEIGER
"ALL PACIFIC COAST PROPERTIES LIMITED #5, A CALIFORNIA LIMITED PARTNERSHIP (198507400062)",03/15/1985,Active,Limited Partnership - CA,CALIFORNIA,BARRY J. SCHWEIGER
"ALL PACK PAPER & PLASTIC, LLC (200722110095)",08/07/2007,Active,Limited Liability Company - CA,CALIFORNIA,RENEE SHARER
ALL PAW PET PRODUCTS LLC (201126210069),09/09/2011,Terminated,Limited Liability Company - CA,CALIFORNIA,"LEGALZOOM.COM, INC."
"ALL PHASE PIPING & PLUMBING SYSTEMS, INC. (1190962)",04/18/1986,Suspended - FTB,Stock Corporation - CA - General,CALIFORNIA,LOUIS  AZEVEDO
ALL POWER TO THE PEOPLE PROJECT L.L.C. (202010610173),04/12/2020,Active,Limited Liability Company - CA,CALIFORNIA,FREDRIKA NEWTON
ALL PRO PRODUCT PLACEMENT USA LLC (201212910250),04/26/2012,Suspended - FTB,Limited Liability Company - CA,CALIFORNIA,"LEGALZOOM.COM, INC."
ALLA PATISH - PREOBRAZHENSKAYA DENTAL PROFESSIONAL CORPORATION (4232550),01/14/2019,Active,Stock Corporation - CA - Professional,CALIFORNIA,ALLA PATISH-PREOBRAZHENSK
"ALLAN L. POLLCHIK, PH.D., A PROFESSIONAL PSYCHOLOGY CORPORATION (892292)",07/17/1978,Terminated,Stock Corporation - CA - Professional,CALIFORNIA,ALLAN L POLLCHIK
"ALLEGISONE PRIVATE EQUITY PRINCIPAL PROTECTED FUND, LLC (200506610007)",03/01/2005,Suspended - FTB,Limited Liability Company - CA,CALIFORNIA,MICHAEL MEGARIT
"ALLIANCE OF PRIVATE PRACTICE PHYSICIANS, INC., A CALIFORNIA CORPORATION (1564653)",11/22/1989,Terminated,Stock Corporation - CA - General,CALIFORNIA,LESLIE  OLSON-COLLINS
"ALLIANCE OF PSYCHOLOGICAL HEALTH CARE PROFESSIONALS, A PSYCHOLOGICAL CORPORATION (1924926)",11/13/1995,Terminated,Stock Corporation - CA - General,CALIFORNIA,LAURA  STRUHL/PHD
ALLIANCE PAYMENT PROCESSING PARTNERS LLC (201619010302),07/01/2016,Forfeited - FTB/SOS,Limited Liability Company - Out of State,DELAWARE,MATTHEW WARD
"ALMOND PARK PROPERTIES - A, A CALIFORNIA LIMITED PARTNERSHIP (198501700057)",01/17/1985,Terminated,Limited Partnership - CA,CALIFORNIA,LEE D. CORBIN
"ALMOND PARK PROPERTIES - B, A CALIFORNIA LIMITED PARTNERSHIP (198501700059)",01/17/1985,Terminated,Limited Partnership - CA,CALIFORNIA,LEE D. CORBIN
ALPINE-RINCON PARENT PARTICIPATION PRESCHOOL (606677),09/04/1970,Terminated - FTB Admin,Nonprofit Corporation - CA - Public Benefit,CALIFORNIA,ANNE  MITCHELL
"ALTA MESA PHASE III PARTNERS, A CALIFORNIA LIMITED PARTNERSHIP (199420900041)",07/28/1994,Terminated,Limited Partnership - CA,CALIFORNIA,CORPORATION SERVICE COMPANY WHICH WILL DO BUSINESS IN CALIFORNIA AS CSC - LAWYERS INCORPORATING SERVICE
"ALTA PACIFIC HOUSING PARTNERS II, A CALIFORNIA LIMITED PARTNERSHIP (198835800011)",12/23/1988,Active,Limited Partnership - CA,CALIFORNIA,RICHARD J. DISHNICA
"ALTA PACIFIC HOUSING PARTNERS, A CALIFORNIA LIMITED PARTNERSHIP (198708200010)",03/23/1987,Active,Limited Partnership - CA,CALIFORNIA,R.S. WILLIAMS
"ALTA PLACE PARTNERS, LTD., A CALIFORNIA LIMITED PARTNERSHIP (198917100014)",06/20/1989,Terminated,Limited Partnership - CA,CALIFORNIA,EDWARD H. SCHULTZ
"ALTON PLAZA PARTNERS, A CALIFORNIA LIMITED PARTNERSHIP (198803900041)",02/08/1988,Active,Limited Partnership - CA,CALIFORNIA,ROBERT J. SEARLES
"ALVARADO - PACIFIC MEDICAL PLAZA, LTD., A CALIFORNIA LIMITED PARTNERSHIP (198906600007)",03/07/1989,Active,Limited Partnership - CA,CALIFORNIA,ROBERT ROSENTHAL
"ALVES & MARTINEZ PHYSICAL THERAPY & ATHLETIC PERFORMANCE, P.C. (2359867)",09/25/2001,Active - Pending Termination,Stock Corporation - CA - General,CALIFORNIA,JEFFREY WAYNE ALVES
"ALVIN AND PATRICIA GOTELLI FAMILY LIMITED PARTNERSHIP, A CALIFORNIA LIMITED PARTNERSHIP (199913900002)",05/19/1999,Active,Limited Partnership - CA,CALIFORNIA,"DENNIS DONALD GEIGER, ESQ."
ALYSSA P VANOVER DOCTOR OF PHYSICAL THERAPY PC (3756101),02/09/2015,Active,Stock Corporation - CA - Professional,CALIFORNIA,ALYSSA PARKER VANOVER
"AMADOR PLAZA PARTNERS, A CALIFORNIA LIMITED PARTNERSHIP (198623900016)",08/27/1986,Terminated,Limited Partnership - CA,CALIFORNIA,JOHN D. KNIEP
"AMANDA BERNEY, PSYD - PSYCHOLOGICAL SERVICES, PC (4837817)",01/18/2022,Active,Stock Corporation - CA - General,CALIFORNIA,AMANDA BERNEY
"AMAR PLAZA PARTNERS, LTD., A CALIFORNIA LIMITED PARTNERSHIP (199920000004)",07/16/1999,Terminated,Limited Partnership - CA,CALIFORNIA,"STEVEN CASSELBERRY, ESQ."
AMERICAN ASSOCIATION OF PHYSICIANS PRACTICING THE TRANSCENDENTAL MEDITATION PROGRAM (1116655),07/02/1982,Suspended - FTB,Nonprofit Corporation - CA - Public Benefit,CALIFORNIA,WILLIAM S FIRESTONE
"AMERICAN INTERNATIONAL PROPERTY PARTNERS, A CALIFORNIA LIMITED PARTNERSHIP (198934700011)",12/07/1989,Active,Limited Partnership - CA,CALIFORNIA,WILLIAM R. CONKLIN
"AMERICAN PACIFIC PROFESSIONAL PARK, LLC (199808510006)",03/26/1998,Forfeited - FTB/SOS,Limited Liability Company - Out of State,DELAWARE,LARRY R POLHILL
"AMERICAN PAPER & PACKAGING PRODUCTS, INC. (1348976)",08/22/1985,Suspended - FTB,Stock Corporation - CA - General,CALIFORNIA,ANTHONY  PATINO
"AMERICAN PAPER & PLASTIC PRODUCTS, INC. OF WISCONSIN (184779)",08/02/1940,Terminated,Stock Corporation - Out of State - Stock,WISCONSIN,
"AMERICAN PARKWAY PARTNERS, LTD., A CALIFORNIA LIMITED PARTNERSHIP (198427600118)",10/01/1984,Active,Limited Partnership - CA,CALIFORNIA,VINCENT W. ZUCCHERO
"AMERICAN PAY PHONE INVESTORS II, A CALIFORNIA LIMITED PARTNERSHIP (198718300050)",06/26/1987,Terminated,Limited Partnership - CA,CALIFORNIA,"GEORGE C. HUFF, SR."
"AMERICAN PAY PHONE INVESTORS III, A CALIFORNIA LIMITED PARTNERSHIP (198904700009)",02/14/1989,Terminated,Limited Partnership - CA,CALIFORNIA,
"AMERICAN PAY PHONE INVESTORS IV, A CALIFORNIA LIMITED PARTNERSHIP (199125900008)",09/16/1991,Terminated,Limited Partnership - CA,CALIFORNIA,"GEORGE C. HUFF, JR."
"AMERICAN PAY PHONE INVESTORS, LTD. 1986-II, A CALIFORNIA LIMITED PARTNERSHIP (198628700023)",10/14/1986,Active,Limited Partnership - CA,CALIFORNIA,DOUGLAS DEGEORGE
"AMERICAN PODIATRY GROUP, INC., A PROFESSIONAL PODIATRY CORPORATION (3737397)",12/22/2014,Active,Stock Corporation - CA - Professional,CALIFORNIA,Donald Hershman DPM
AMERICAN PORTS INSURANCE PROGRAM RISK PURCHASING GROUP (3295622),04/09/2010,Active,Nonprofit Corporation - Out of State,WASHINGTON,JENNIFER E BAUMANN
AMERICAN PORTUGUESE PODENGO PEQUENO CLUB (3100975),05/16/2008,Terminated,Nonprofit Corporation - CA - Public Benefit,CALIFORNIA,CORPORATION SERVICE COMPANY WHICH WILL DO BUSINESS IN CALIFORNIA      AS CSC - LAWYERS INCORPORATING SERVICE
AMERICAN POWER PROTECTION SECURITY PATROL LLC (202202610124),01/24/2022,Terminated,Limited Liability Company - CA,CALIFORNIA,AURELIO X VERA
"AMERICAN PREMIUM PROPERTY INVESTMENTS, LP, A CALIFORNIA LIMITED PARTNERSHIP (198821600002)",08/03/1988,Terminated,Limited Partnership - CA,CALIFORNIA,BRUCE BERGER
"AMERICAN PRIVATE POWER III, A CALIFORNIA LIMITED PARTNERSHIP (198634500081)",12/11/1986,Active,Limited Partnership - CA,CALIFORNIA,EDWARD BORRAY
"AMERICAN PRIVATE POWER V, A CALIFORNIA LIMITED PARTNERSHIP (198712400018)",04/30/1987,Active,Limited Partnership - CA,CALIFORNIA,EDWARD BORRAY
"AMERICAN REAL PROPERTIES INVESTMENT PARTNERSHIP, A CALIFORNIA LIMITED PARTNERSHIP (198934200022)",12/08/1989,Active,Limited Partnership - CA,CALIFORNIA,ROBERT CLARK
"AMERICAN TECHNICAL AND PROFESSIONAL PAPER PRODUCTS, CORP. (724975)",10/25/1974,Suspended - FTB,Stock Corporation - CA - General,CALIFORNIA,T K MORGAN
AMERICAN WESTERN PHOENIX PROPERTIES LIMITED PARTNERSHIP (198412800066),07/01/1984,Active,Limited Partnership - CA,CALIFORNIA,"CARL C. GREGORY, III"
"AMERICANA OF ROHNERT PARK, A LIMITED PARTNERSHIP, A CALIFORNIA LIMITED PARTNERSHIP (198421200259)",07/01/1984,Terminated,Limited Partnership - CA,CALIFORNIA,MARGARET TAM
AMERICA'S PASTIME ENTHUSIASTS PHILANTHROPICAL ORGANIZATION OF PEOPLE (2351735),07/06/2001,Terminated - FTB Admin,Nonprofit Corporation - CA - Mutual Benefit,CALIFORNIA,JAMES A GERANIOS
"AMERIVEST PARTNERS - MONTGOMERY PLAZA, A CALIFORNIA LIMITED PARTNERSHIP (198520000008)",07/18/1985,Active,Limited Partnership - CA,CALIFORNIA,L.D. CHRISTIANO
AMES OIL 31A PRODUCTION PROGRAM LTD. A CALIFORNIA LIMITED PARTNERSHIP (198610800006),04/17/1986,Terminated,Limited Partnership - CA,CALIFORNIA,MICHAEL P. AMES
AMES OIL 32A PRODUCTION PROGRAM LTD. A CALIFORNIA LIMITED PARTNERSHIP (198610800007),04/17/1986,Active,Limited Partnership - CA,CALIFORNIA,MICHAEL P. AMES
AMES OIL-33A PRODUCTION PROGRAM LTD. A CALIFORNIA LIMITED PARTNERSHIP (198616100027),06/10/1986,Terminated,Limited Partnership - CA,CALIFORNIA,MICHAEL P. AMES
AMES OIL-41A PRODUCTION PROGRAM A CALIFORNIA LIMITED PARTNERSHIP (198704400017),02/11/1987,Terminated,Limited Partnership - CA,CALIFORNIA,MICHAEL P. AMES
"AMI ALLEN THERAPY: A FAMILY AND COUPLE PSYCHOTHERAPY PRACTICE, PC (4696543)",02/09/2021,Active,Stock Corporation - CA - Professional,CALIFORNIA,DAVID LEATHERBERRY
AMISTAD PLAZA PARTNERS LIMITED PARTNERSHIP (199624100013),08/28/1996,Active,Limited Partnership - CA,CALIFORNIA,"NATIONAL REGISTERED AGENTS, INC."
"AMNET PAYPHONE PARTNERS I, A CALIFORNIA LIMITED PARTNERSHIP (198912300007)",05/03/1989,Active,Limited Partnership - CA,CALIFORNIA,THOMAS G. PEARSON
"AMY K. SHARP, PHD, CLINICAL PSYCHOLOGIST, PC (3924241)",07/06/2016,Terminated,Stock Corporation - CA - Professional,CALIFORNIA,AMY K SHARP
"ANAHEIM PRIME PROPERTY, LTD., A CALIFORNIA LIMITED PARTNERSHIP (199207100009)",03/11/1992,Terminated,Limited Partnership - CA,CALIFORNIA,TATSUO KANAZASHI
ANDERSON PERPETUAL TEREDO PROOF PILE COMPANY (70029191),09/08/1899,Suspended - FTB,Legacy Corporation,CALIFORNIA,
"ANDREW POTTER, PH.D., PSYCHOLOGIST, INC. (4656398)",10/21/2020,Active,Stock Corporation - CA - General,CALIFORNIA,ANDREW POTTER
"ANDREW SMITH, PH.D., PSYCHOLOGIST, PC (4218126)",12/07/2018,Active,Stock Corporation - CA - Professional,CALIFORNIA,MARK D ALCORN
ANGELA C. PIERCE - PIERCE PROPERTIES (1100698),01/04/1982,Terminated,Stock Corporation - CA - General,CALIFORNIA,ROGER  PIERCE
"ANGELA KLEIN, PH.D., PSYCHOLOGICAL SERVICES, A PROFESSIONAL CORPORATION (4594617)",05/14/2020,Active,Stock Corporation - CA - Professional,CALIFORNIA,ANGELA S KLEIN Ph.D.
"ANGELA PARRA, PHYSICAL THERAPIST, A PROFESSIONAL CORPORATION (2380654)",09/17/2001,Terminated,Stock Corporation - CA - Professional,CALIFORNIA,ANGELA PARRA
"ANGELES PSYCHOLOGY GROUP, A PROFESSIONAL PSYCHOLOGY CORPORATION (3762327)",03/02/2015,Active,Stock Corporation - CA - Professional,CALIFORNIA,NEIL SCHIERHOLZ
"Angie Pelletier-Juarez, Psy.D., A Professional Psychology Corporation (B20250110637)",05/12/2025,Active,Stock Corporation - CA - Professional,CALIFORNIA,Maria E Aragon
"ANI KHATCHADOURIAN, PSYD, PSYCHOLOGIST, A PROFESSIONAL CORPORATION (3995710)",02/17/2017,Active,Stock Corporation - CA - Professional,CALIFORNIA,RYAN E GARCIA
"ANIL P. PUNJABI, M.D., D.D.S., INC. A PROFESSIONAL CORPORATION (2541595)",06/11/2003,Active,Stock Corporation - CA - Professional,CALIFORNIA,ANIL P PUNJABI
"ANNELIE S. PURDY, PH.D., A PROFESSIONAL PSYCHOLOGY CORPORATION (1095262)",10/30/1981,Active,Stock Corporation - CA - Professional,CALIFORNIA,ANNELIE STANGER PURDY
"ANNETTE PAPET, PSYD, MARRIAGE & FAMILY THERAPIST, P.C. (4548961)",01/22/2020,Active,Stock Corporation - CA - General,CALIFORNIA,ANNETTE PAPET
"ANTELOPE VALLEY MENTAL HEALTH PROFESSIONALS, PSYCHOTHERAPY GROUP, P.C. (4187839)",08/23/2018,Terminated,Stock Corporation - CA - General,CALIFORNIA,
"ANTHONY BENIGNO, PSYD., PSYCHOLOGICAL SERVICES, PC (4150764)",05/08/2018,Active,Stock Corporation - CA - Professional,CALIFORNIA,Anthony Benigno
"ANTHONY FRANCISCO PH.D., A PSYCHOLOGY PROFESSIONAL CORPORATION (1794863)",12/06/1996,Suspended - FTB,Stock Corporation - CA - Professional,CALIFORNIA,FAWAZ  ARABIKATBI
"ANTHONY J. PETROS, PH.D., PSYCHOLOGIST, A PROFESSIONAL CORPORATION (960630)",06/06/1980,Suspended - FTB/SOS,Stock Corporation - CA - Professional,CALIFORNIA,ANTHONY  PETROS
"ANTHONY P. POTENTE, M.S.,D.D.S., A PROFESSIONAL CORPORATION (2040249)",08/17/1998,Active,Stock Corporation - CA - Professional,CALIFORNIA,ANTHONY P POTENTE
"ANTHONY PETRIE PRINT AND PRODUCT DESIGN, INC. (4147585)",04/30/2018,Active,Stock Corporation - CA - General,CALIFORNIA,ANTHONY  PETRIE
"ANXIETY AND PANIC DISORDERS CLINIC OF SANTA BARBARA, A PROFESSIONAL PSYCHOLOGY CORPORATION (4752785)",06/07/2021,Active,Stock Corporation - CA - Professional,CALIFORNIA,DANIEL R. ZAMIR
"ANZA POWER OF PARENTS PTO, INC. (3882814)",03/07/2016,Suspended - SOS,Nonprofit Corporation - CA - Public Benefit,CALIFORNIA,STEPHNIE  NELSON
"APEX PERFORMANCE PHYSICAL THERAPY, P.C. (4800301)",10/16/2021,Active,Stock Corporation - CA - General,CALIFORNIA,Duane Edward Pierce
"API 1974 OIL & GAS PROGRAM PARTNERSHIP A, A CALIFORNIA LIMITED PARTNERSHIP (198522800003)",08/15/1985,Terminated,Limited Partnership - CA,CALIFORNIA,GERALD T. RAYDON
"API 1975 OIL & GAS PROGRAM PARTNERSHIP A, A CALIFORNIA LIMITED PARTNERSHIP (198522800019)",08/15/1985,Terminated,Limited Partnership - CA,CALIFORNIA,GERALD T. RAYDON
"API 1978 OIL & GAS PROGRAM PARTNERSHIP A, A CALIFORNIA LIMITED PARTNERSHIP (198522800013)",08/15/1985,Terminated,Limited Partnership - CA,CALIFORNIA,GERALD T. RAYDON
"API 1978 OIL & GAS PROGRAM PARTNERSHIP B, A CALIFORNIA LIMITED PARTNERSHIP (198522800005)",08/15/1985,Terminated,Limited Partnership - CA,CALIFORNIA,GERALD T. RAYDON
"API 1979 OIL & GAS PROGRAM PARTNERSHIP A, A CALIFORNIA LIMITED PARTNERSHIP (198522800028)",08/15/1985,Terminated,Limited Partnership - CA,CALIFORNIA,GERALD T. RAYDON
"API 1979 OIL & GAS PROGRAM PARTNERSHIP B, A CALIFORNIA LIMITED PARTNERSHIP (198522800035)",08/15/1985,Terminated,Limited Partnership - CA,CALIFORNIA,GERALD T. RAYDON
"API 1980 OIL & GAS PROGRAM PARTNERSHIP A, A CALIFORNIA LIMITED PARTNERSHIP (198522800009)",08/15/1985,Terminated,Limited Partnership - CA,CALIFORNIA,GERALD T. RAYDON
"API 1980 OIL & GAS PROGRAM PARTNERSHIP B, A CALIFORNIA LIMITED PARTNERSHIP (198522800024)",08/15/1985,Terminated,Limited Partnership - CA,CALIFORNIA,GERALD T. RAYDON
"APPLE PLACE PARTNERS, A CALIFORNIA LIMITED PARTNERSHIP (198520300070)",07/19/1985,Terminated,Limited Partnership - CA,CALIFORNIA,ROBERT R. HAGOPIAN
"APRIL R. HOLMAN, PH.D., A PROFESSIONAL PSYCHOLOGY CORPORATION (3321062)",09/17/2010,Active,Stock Corporation - CA - Professional,CALIFORNIA,APRIL ROWE HOLMAN
"AQUA PRO PROPERTIES I, LIMITED PARTNERSHIP (199024000032)",08/28/1990,Active,Limited Partnership - CA,CALIFORNIA,ROBERT R. KERSHAW
"AQUA PRO PROPERTIES II, LIMITED PARTNERSHIP (199706400031)",02/24/1997,Active,Limited Partnership - CA,CALIFORNIA,ROBERT R. KERSHAW
"AQUA PRO PROPERTIES III, LIMITED PARTNERSHIP (199706400033)",02/24/1997,Active,Limited Partnership - CA,CALIFORNIA,ROBERT R. KERSHAW
"AQUA PRO PROPERTIES IV, LIMITED PARTNERSHIP (199806600005)",02/26/1998,Active,Limited Partnership - CA,CALIFORNIA,ROBERT R. KERSHAW
"AQUA PRO PROPERTIES IX, LIMITED PARTNERSHIP (200321800005)",07/10/2003,Active,Limited Partnership - CA,CALIFORNIA,ROBERT R. KERSHAW
"AQUA PRO PROPERTIES V, LIMITED PARTNERSHIP (199812700018)",04/23/1998,Terminated,Limited Partnership - CA,CALIFORNIA,ROBERT R. KERSHAW
"AQUA PRO PROPERTIES VI, LIMITED PARTNERSHIP (199921000018)",07/26/1999,Active,Limited Partnership - CA,CALIFORNIA,ROBERT R. KERSHAW
"AQUA PRO PROPERTIES VII, LIMITED PARTNERSHIP (200017900003)",06/19/2000,Active,Limited Partnership - CA,CALIFORNIA,ROBERT R KERSHAW
"AQUA PRO PROPERTIES VIII, LIMITED PARTNERSHIP (200309500014)",02/24/2003,Terminated,Limited Partnership - CA,CALIFORNIA,ROBERT R KERSHAW
"AQUA PRO PROPERTIES X, LIMITED PARTNERSHIP (200831000001)",10/20/2008,Active,Limited Partnership - CA,CALIFORNIA,ROBERT R. KERSHAW
"AQUA PRO PROPERTIES XI, LIMITED PARTNERSHIP (200921600001)",07/30/2009,Active,Limited Partnership - CA,CALIFORNIA,ROBERT E KERSHAW
"AQUA-FLO PUMP AND POOL PRODUCTS SALES CO., INC. (781385)",04/15/1976,Suspended - FTB,Stock Corporation - CA - General,CALIFORNIA,JAMES R CAUDILL
"AQUARIUM POOL PEBBLE & PLASTERING, INC. (2634575)",08/05/2005,Suspended - FTB/SOS,Stock Corporation - CA - General,CALIFORNIA,LUIS E. PEREZ
"AQUARIUS POWER PARTNERS, A CALIFORNIA LIMITED PARTNERSHIP (198810300018)",04/12/1988,Terminated,Limited Partnership - CA,CALIFORNIA,CORPORATION SERVICE COMPANY WHICH WILL DO BUSINESS IN CALIFORNIA AS CSC - LAWYERS INCORPORATING SERVICE
"ARCADIA PACIFIC LIMITED PARTNERSHIP, A CALIFORNIA LIMITED PARTNERSHIP (198626900002)",09/25/1986,Active,Limited Partnership - CA,CALIFORNIA,EDWARD L. ANDERSON
ARCADIA PALM TREE PRESCHOOL PARENT-TEACHER ASSOCIATION (1532125),05/20/1986,Terminated - FTB Admin,Nonprofit Corporation - CA - Public Benefit,CALIFORNIA,DAVID M LA SALLE
"ARCADIA PALM VILLA PARTNERSHIP, A CALIFORNIA LIMITED PARTNERSHIP (198635200041)",12/15/1986,Active,Limited Partnership - CA,CALIFORNIA,KENNETH Y. CHU
"ARDEN PLAZA PARTNERS, A CALIFORNIA LIMITED PARTNERSHIP (198434900063)",12/14/1984,Terminated,Limited Partnership - CA,CALIFORNIA,H. JAMES GRIGGS
"ARGOSY/KGI POIPU INVESTMENT PARTNERSHIP, L.P., A HAWAII LIMITEDPARTNERSHIP (199507200026)",03/02/1995,Terminated,Limited Partnership - Out of State,HAWAII,"NATIONAL REGISTERED AGENTS, INC."
"ARIES PHOENIX PROPERTIES LTD., A CALIFORNIA LIMITED PARTNERSHIP (198504200037)",02/11/1985,Active,Limited Partnership - CA,CALIFORNIA,PAUL F. SMITH
"ARIES POWER PARTNERS, A CALIFORNIA LIMITED PARTNERSHIP (199025300017)",09/10/1990,Terminated,Limited Partnership - CA,CALIFORNIA,COGENCY GLOBAL INC.
"ARINDA PREFERRED PARTNERS, LTD, A CALIFORNIA LIMITED PARTNERSHIP (198731700046)",11/03/1987,Active,Limited Partnership - CA,CALIFORNIA,DONALD C. CALDWELL
"ARIZONA PALMS LIMITED PARTNERSHIP, A CALIFORNIA LIMITED PARTNERSHIP (198428600098)",10/12/1984,Active,Limited Partnership - CA,CALIFORNIA,SHERMAN MAZUR
"ARKOMA PRIVATE DRILLING PARTNERSHIP 1982, A CALIFORNIA LIMITED PARTNERSHIP (198430400089)",10/30/1984,Terminated,Limited Partnership - CA,CALIFORNIA,JOHN D. MORGAN-VOYCE
"ARKOMA PRIVATE DRILLING PARTNERSHIP 1984, A CALIFORNIA LIMITED PARTNERSHIP (198436300046)",12/27/1984,Terminated,Limited Partnership - CA,CALIFORNIA,JOHN D. MORGAN-VOYCE
"ARLENE B. MARCUS, PH.D, PSYCHOLOGIST, PROFESSIONAL CORPORATION (1084837)",07/24/1981,Terminated,Stock Corporation - CA - Professional,CALIFORNIA,ARLENE B MARCUS
"ARLENE GREEN-ALVAREZ, PH.D., A PROFESSIONAL PSYCHOLOGY CORPORATION (1982018)",04/07/1997,Terminated,Stock Corporation - CA - Professional,CALIFORNIA,ARLENE GREEN ALVAREZ
"ARMOUR FAMILY PROPERTIES PICO LA PATA, LLC (200309210126)",04/01/2003,Merged Out,Limited Liability Company - CA,CALIFORNIA,JEFFREY B ARMOUR
"ARNAZ PROPERTIES LIMITED PARTNERSHIP, A CALIFORNIA LIMITED PARTNERSHIP (199501200002)",12/31/1994,Terminated,Limited Partnership - CA,CALIFORNIA,YURI BUSIASHVILI
"ARNE LISS, PH.D., PSYCHOLOGIST A PROFESSIONAL CORPORATION (1296130)",01/10/1986,Suspended - FTB,Stock Corporation - CA - Professional,CALIFORNIA,ARNE  LISS
"ARNOLD P. PETER, A PROFESSIONAL CORPORATION (2726257)",01/31/2005,Suspended - FTB,Stock Corporation - CA - Professional,CALIFORNIA,ARNOLD  PETER
"ARNOLD POST OFFICE PARTNERSHIP, A UTAH LIMITED PARTNERSHIP (198425700050)",09/13/1984,Active,Limited Partnership - Out of State,UTAH,LOWELL SMITH
"ARROW PINES BUSINESS PARK, A CALIFORNIA LIMITED PARTNERSHIP (198635000048)",12/16/1986,Converted Out,Limited Partnership - CA,CALIFORNIA,ERNEST SCHROER
"ART PUBLISHING PARTNERSHIP, LTD., A CALIFORNIA LIMITED PARTNERSHIP (198726000018)",09/17/1987,Active,Limited Partnership - CA,CALIFORNIA,JOSHUA BITTON
"ART SPACE PARTNERS I LIMITED PARTNERSHIP, A CALIFORNIA LIMITED PARTNERSHIP (199122600006)",08/14/1991,Active,Limited Partnership - CA,CALIFORNIA,"STEPHEN L. TABER, ESQ."
ARTISTIC TILE & STONE PRIDE PRESTIGE PERFECTION (3582802),06/21/2013,Active,Stock Corporation - CA - General,CALIFORNIA,LUIS ACEVES
ASAMBLEA EVANGELICA PENTECOSTES PRINCIPE DE PAZ (2886454),06/19/2006,Terminated - FTB Admin,Nonprofit Corporation - CA - Religious,CALIFORNIA,RAUL N FUENTES
ASAMBLEA PRINCIPE DE PAZ IGLESIAS PENTECOTALES CENTRO AMERICANA CORPORATION (777810),09/03/1976,Terminated - FTB Admin,Nonprofit Corporation - CA - Religious,CALIFORNIA,NORMAN  VALES
"ASCENT WELLNESS PHYSICAL THERAPY, PC., A CALIFORNIA PHYSICAL THERAPY CORPORATION (4827486)",12/27/2021,Active,Stock Corporation - CA - General,CALIFORNIA,DOUGLAS A BORDNER
"ASHLEY PLACE INVESTMENT PARTNERS, LTD., A CALIFORNIA LIMITED PARTNERSHIP (198504600055)",02/14/1985,Active,Limited Partnership - CA,CALIFORNIA,"BARRR A. CHASE, ESQUIRE"
ASIAN PACIFIC ISLANDER VOTER PARTICIPATION PROJECT (3292837),04/26/2010,Terminated,Nonprofit Corporation - CA - Public Benefit,CALIFORNIA,JAMES C. HARRISON
ASOCIACION PRO-LIBERTAD DE PRESOS POLITICOS CUBANOS (1400248),02/25/1987,Terminated - FTB Admin,Nonprofit Corporation - CA - Mutual Benefit,CALIFORNIA,RENE  CRUZ
ASSOCIATION FOR PRE- AND PERINATAL PSYCHOLOGY AND HEALTH (1371692),04/17/1986,Active,Nonprofit Corporation - CA - Public Benefit,CALIFORNIA,Raylene Phillips
"ASSOCIATION OF BAY AREA GOVERNMENTS FOR PUBLIC POLICY INTERESTS ADVOCATES PRESS, INC. (2884007)",06/19/2006,Suspended - FTB/SOS,Nonprofit Corporation - CA - Public Benefit,CALIFORNIA,EDDIE C WELBON
ASSOCIATION OF THE PHILIPPINE PRACTICING PHYSICIANS IN AMERICA (1202337),06/01/1983,Terminated - FTB Admin,Nonprofit Corporation - CA - Public Benefit,CALIFORNIA,CESAR D CANDARI
"ASTORIA PLACE PARTNERS, LTD., A CALIFORNIA LIMITED PARTNERSHIP (198935300012)",12/19/1989,Terminated,Limited Partnership - CA,CALIFORNIA,ALAN BEN-PORAT
"ASTUTE CARE PATHWAYS, A PROFESSIONAL PSYCHOLOGICAL CORPORATION (4734602)",04/20/2021,Active,Stock Corporation - CA - Professional,CALIFORNIA,ARTYOM KHACHIKYAN
"ATLANTIC & POMONA PARTNERS, A CALIFORNIA LIMITED PARTNERSHIP (198625200015)",09/08/1986,Active,Limited Partnership - CA,CALIFORNIA,MARK A. SCHURGIN
"ATRIA PHYSICIAN PRACTICE CALIFORNIA, P.C.  (5025126)",03/29/2022,Terminated,Stock Corporation - CA - Professional,CALIFORNIA,C T CORPORATION SYSTEM
"AUBURN PARKMONT PROPERTY INVESTORS, A CALIFORNIA LIMITED PARTNERSHIP (198528300019)",10/10/1985,Active,Limited Partnership - CA,CALIFORNIA,WILLIAM C. HALEY
"AUERBACH PLAZA LIMITED PARTNERSHIP, A CALIFORNIA LIMITED PARTNERSHIP (198807800025)",03/18/1988,Terminated,Limited Partnership - CA,CALIFORNIA,C T CORPORATION SYSTEM
"AUSINHEILER PHYSICAL THERAPY AND PERSONAL TRAINING, PC (3703320)",08/18/2014,Terminated,Stock Corporation - CA - Professional,CALIFORNIA,"NORTHWEST REGISTERED AGENT, INC."
"AUTO PARTS PLUS, A CALIFORNIA LIMITED PARTNERSHIP (198506600014)",03/04/1985,Active,Limited Partnership - CA,CALIFORNIA,TERRENCE L. LAVERTY
"AUTO PARTS PRO PLUS, INC. (1832730)",02/22/1994,Merged Out,Stock Corporation - CA - General,CALIFORNIA,BOB  JUNG
"AUTUMN POINTE PROPERTIES, LTD., A CALIFORNIA LIMITED PARTNERSHIP (198608000042)",03/21/1986,Active,Limited Partnership - CA,CALIFORNIA,THOMAS G. KULIKOWSKI
"AVEDIS PANAJIAN, PH.D., A PSYCHOLOGICAL CORPORATION (1350610)",09/09/1985,Active,Stock Corporation - CA - General,CALIFORNIA,Avedis Panajian
"AVENUE ""P"" PARTNERS, A CALIFORNIA LIMITED PARTNERSHIP (199011700019)",04/27/1990,Terminated,Limited Partnership - CA,CALIFORNIA,STANLEY G. ROTHBART
"AVETIS TOPCHYAN, PSY.D, A PROFESSIONAL PSYCHOLOGY CORPORATION (4678388)",01/12/2021,Active,Stock Corporation - CA - Professional,CALIFORNIA,GARINE K MINNETIAN
"AW PHYSICAL THERAPY AND SPORTS PERFORMANCE, P.C. (4842718)",01/28/2022,Active,Stock Corporation - CA - General,CALIFORNIA,FREDERICK TONG
"AZUSA BUSINESS PARK PARTNERS, A CALIFORNIA LIMITED PARTNERSHIP (198906900022)",03/10/1989,Terminated,Limited Partnership - CA,CALIFORNIA,KAPIL K. NANDA
B & P & P LLC (202252610365),09/22/2022,Active,Limited Liability Company - CA,CALIFORNIA,YUNLONG XU
"B P L P, A PHARMACY CORPORATION (2135728)",03/30/1999,Active,Stock Corporation - CA - General,CALIFORNIA,GEORGE N IBRAHIM
"B. W. PACIFIC PARTNERS, A CALIFORNIA LIMITED PARTNERSHIP (198629700019)",10/24/1986,Active,Limited Partnership - CA,CALIFORNIA,ALAN J. DAVISON
"B.R. PRADO DE LOS PAJAROS PROPERTY, LLC (201734910313)",12/11/2017,Terminated,Limited Liability Company - CA,CALIFORNIA,CYNTHIA ROSENSON
BACK PACKING PARTNERS A CALIFORNIA LIMITED PARTNERSHIP (198419800161),07/16/1984,Active,Limited Partnership - CA,CALIFORNIA,CHARLES HILL
"BAJA PACIFICA PROPERTIES, A CALIFORNIA LIMITED PARTNERSHIP (199009200045)",04/02/1990,Terminated,Limited Partnership - CA,CALIFORNIA,S.K. DURAIRAJ
"BAKE PARKWAY PLAZA, LTD. - A CALIFORNIA LIMITED PARTNERSHIP (198520500090)",07/23/1985,Terminated,Limited Partnership - CA,CALIFORNIA,ROBERT D. SMITH
"BAKERSFIELD 5000 PHYSICIANS' PLAZA PARTNERSHIP, LTD., A CA. LIMITED PARTNERSHIP (199225500001)",09/10/1992,Active,Limited Partnership - CA,CALIFORNIA,MICHAEL FATE
"BAKERSFIELD PLAZA LIMITED PARTNERSHIP, A CALIFORNIA LIMITED PARTNERSHIP (198506500050)",03/04/1985,Active,Limited Partnership - CA,CALIFORNIA,C T CORPORATION SYSTEM
"BALANCE PHYSICAL THERAPY AND HUMAN PERFORMANCE CENTER, A PROFESSIONAL CORPORATION (2459002)",02/24/2003,Active,Stock Corporation - CA - Professional,CALIFORNIA,JOHN FARAHMAND
"BALANCE POINT INTEGRATIVE PHYSICAL THERAPY & ACUPUNCTURE, A PROFESSIONAL CORPORATION (3909181)",05/24/2016,Active,Stock Corporation - CA - Professional,CALIFORNIA,RAY JOSE ROMAN
"BALBOA PLACE PARTNERS, A CALIFORNIA LIMITED PARTNERSHIP (198609900014)",04/09/1986,Active,Limited Partnership - CA,CALIFORNIA,HOWARD STONE
"BALDWIN BUSINESS PARK PARTNERS, A CALIFORNIA LIMITED PARTNERSHIP (199631700011)",11/08/1996,Terminated,Limited Partnership - CA,CALIFORNIA,MR. TERRY G. ROUSSEL
BALDWIN PARK PLAZA LIMITED PARTNERSHIP (A CALIFORNIA LIMITED PARTNERSHIP) (198732100041),11/06/1987,Active,Limited Partnership - CA,CALIFORNIA,"PAUL S. LEE, CPA"
BALDWIN PARK UNIFIED SCHOOL DISTRICT BALDWIN PARK ELEMENTARY BANK AND ORCHESTRA PARENTS ASSOCIATION (521185),01/25/1967,Suspended - FTB,Nonprofit Corporation - CA - General,CALIFORNIA,
"BALDWIN PROFITS PARTNERSHIP, A CALIFORNIA LIMITED PARTNERSHIP (198734400026)",12/01/1987,Active,Limited Partnership - CA,CALIFORNIA,
"BALDWIN TWIN - PINES PARTNERSHIP, ""A CALIFORNIA LIMITED PARTNERSHIP"" (198617100023)",06/20/1986,Active,Limited Partnership - CA,CALIFORNIA,WILFREDA PANGOLIBAY
"BALDWIN VALLEY PROPERTY PARTNERSHIP, A CALIFORNIA LIMITED PARTNERSHIP (199033400028)",11/30/1990,Terminated,Limited Partnership - CA,CALIFORNIA,HENRY S.K. YEE
"BANCFUND CAPITAL PREFERRED PARTNERS, A LIMITED PARTNERSHIP (198933200020)",11/20/1989,Terminated,Limited Partnership - CA,CALIFORNIA,ROBERT Y. STROM
"BARBARA E. BIGGS, PH.D., LICENSED PSYCHOLOGIST, A PROFESSIONAL CORPORATION (1051874)",08/13/1981,Suspended - FTB,Stock Corporation - CA - Professional,CALIFORNIA,BARBARA E. BIGGS
"BARBARA ELLIS LONG, PH.D., PSYCHOLOGIST, A PROFESSIONAL CORPORATION (1090564)",09/18/1981,Terminated,Stock Corporation - CA - Professional,CALIFORNIA,BARBARA ELLIS LONG
"BARBARA PAUL-BLUME, PH.D., LICENSED CLINICAL PSYCHOLOGIST, INC. (2816562)",09/12/2005,Terminated,Stock Corporation - CA - General,CALIFORNIA,BARBARA PAUL-BLUME
"BARCLAY, LUKE, AND PILLAI SPECIALTY PHARMACY, LLC (202024410569)",08/27/2020,Forfeited - FTB,Limited Liability Company - Out of State,NEVADA,SIERRA DEGOMEZ
"BARRY M. PANTER, M.D., PH.D., A PROFESSIONAL CORPORATION (936805)",07/31/1979,Terminated,Stock Corporation - CA - Professional,CALIFORNIA,BARRY M PANTER
"BARRY PAUL PACHMAN, M.D., A PROFESSIONAL CORPORATION (1710713)",08/05/1992,Suspended - FTB,Stock Corporation - CA - Professional,CALIFORNIA,PENNY H. GRIFFITH
"BARTON PITTS III FAMILY LIMITED PARTNERSHIP, A NEVADA LIMITED PARTNERSHIP (199810600007)",04/09/1998,Active,Limited Partnership - Out of State,NEVADA,BARTON PITTS III
"BASIL N. PLASTIRAS, SR., CERTIFIED PUBLIC ACCOUNTANT, A PROFESSIONAL CORPORATION (1247094)",05/17/1984,Terminated,Stock Corporation - CA - Professional,CALIFORNIA,BASIL N PLASTIRAS SR
BAXTER'S PAWSITIVELY PERFECT PRODUCTS CORP. (3467057),05/03/2012,Suspended - FTB,Stock Corporation - CA - General,CALIFORNIA,LINDA  SILVERMAN
"BAY AREA PROFESSIONAL PSYCHOLOGY, PC (4793303)",09/23/2021,Active,Stock Corporation - CA - Professional,CALIFORNIA,GIA DINICOLA
"BAY PACIFIC PREFERRED PROVIDER ORGANIZATION, INC. (1234637)",12/19/1983,Merged Out,Stock Corporation - CA - General,CALIFORNIA,MARY V ANDERSON
"BAY PLAZA PROPERTIES, A CALIFORNIA LIMITED PARTNERSHIP (198601700034)",01/17/1986,Terminated,Limited Partnership - CA,CALIFORNIA,"MARK JENKINS, M.D."
"BAYSIDE 1984 PRIVATE DRILLNG PROGRAM, A CALIFORNIA LIMITED PARTNERSHIP (198500800123)",12/21/1984,Active,Limited Partnership - CA,CALIFORNIA,ROBERT R. AGNEW
"BAYSIDE 1985 PRIVATE DRILLING PROGRAM, A CALIFORNIA LIMITED PARTNERSHIP (198512000042)",04/29/1985,Active,Limited Partnership - CA,CALIFORNIA,ROBERT R. AGNEW
BAYSINGER PARTNERS ARCHITECTURE P.C. WILL DO BUSINESS IN CALIFORNIA ASBAYSINGER PARTNERS ARCHITECTURE (3188823),01/30/2009,Active,Stock Corporation - Out of State - Stock,OREGON,"INCORP SERVICES, INC."
"BCP II PORTFOLIO PARTNERS, A CALIFORNIA LIMITED PARTNERSHIP (199307400013)",03/15/1993,Terminated,Limited Partnership - CA,CALIFORNIA,ROBERT M. CAMPBELL
"BEACH PROFESSIONAL BUILDING LIMITED PARTNERSHIP, A CALIFORNIA LIMITED PARTNERSHIP (198516200023)",06/10/1985,Active,Limited Partnership - CA,CALIFORNIA,ED HUDSON
"BEACON PRODUCTION PARTNERS, LTD. LIMITED PARTNERSHIP (199032400013)",11/19/1990,Active,Limited Partnership - CA,CALIFORNIA,TERRY PLOTSKY
"BEACON PRODUCTION PARTNERS, LTD., II LIMITED PARTNERSHIP (199032400014)",11/19/1990,Active,Limited Partnership - CA,CALIFORNIA,TERRY PLOTSKY
"BEACON PRODUCTION PARTNERS, LTD., III LIMITED PARTNERSHIP (199032400015)",11/19/1990,Active,Limited Partnership - CA,CALIFORNIA,TERRY PLOTSKY
"BEACON PRODUCTION PARTNERS, LTD., IV LIMITED PARTNERSHIP (199109900006)",04/08/1991,Active,Limited Partnership - CA,CALIFORNIA,TERRY PLOTSKY
"BEACON PRODUCTION PARTNERS, LTD., IX LIMITED PARTNERSHIP (199203800002)",02/03/1992,Active,Limited Partnership - CA,CALIFORNIA,TERRY PLOTSKY
"BEACON PRODUCTION PARTNERS, LTD., V LIMITED PARTNERSHIP (199114000008)",05/20/1991,Active,Limited Partnership - CA,CALIFORNIA,TERRY PLOTSKY
"BEACON PRODUCTION PARTNERS, LTD., VI LIMITED PARTNERSHIP (199121100023)",07/29/1991,Active,Limited Partnership - CA,CALIFORNIA,TERRY PLOTSKY
"BEACON PRODUCTION PARTNERS, LTD., VII LIMITED PARTNERSHIP (199127700016)",10/03/1991,Active,Limited Partnership - CA,CALIFORNIA,TERRY PLOTSKY
"BEACON PRODUCTION PARTNERS, LTD., VIII LIMITED PARTNERSHIP (199133600010)",11/25/1991,Active,Limited Partnership - CA,CALIFORNIA,TERRY PLOTSKY
"BEACON PRODUCTION PARTNERS, LTD., X LIMITED PARTNERSHIP (199211200002)",04/15/1992,Active,Limited Partnership - CA,CALIFORNIA,EYTAN NAMALI
"BEACON PRODUCTION PARTNERS, LTD., XI LIMITED PARTNERSHIP (199213600020)",05/11/1992,Active,Limited Partnership - CA,CALIFORNIA,EYTAN NAMALI
"BEACON PRODUCTION PARTNERS, LTD., XII LIMITED PARTNERSHIP (199216300016)",06/08/1992,Active,Limited Partnership - CA,CALIFORNIA,EYTAN NAMALI
"BEACON PRODUCTION PARTNERS, LTD., XIV LIMITED PARTNERSHIP (199216900004)",06/12/1992,Active,Limited Partnership - CA,CALIFORNIA,EYTAN NAMALI
"Beast Performance, Recovery and Physical Therapy, P.C. (5238321)",09/08/2022,Active,Stock Corporation - CA - Professional,CALIFORNIA,Vi Pham
BEAUMONT POLICE DEPARTMENT AUXILIARY POLICE ORGANIZATION AND REVOLVER AND PISTOL CLUB (317162),03/08/1956,Suspended - FTB,Nonprofit Corporation - CA - General,CALIFORNIA,
"BEDFORD PENSION LIMITED PARTNERSHIP, A NEVADA LIMITED PARTNERSHIP (199114300021)",05/23/1991,Active,Limited Partnership - Out of State,NEVADA,"LACY G. MARLETTE, JR."
"BEHNAM PARTOVI, PSYCHOLOGIST PH.D. A PROFESSIONAL CORPORATION (3346287)",01/01/2011,Active,Stock Corporation - CA - Professional,CALIFORNIA,BEHNAM PARTOVI
BELL PALM PLAZA LIMITED PARTNERSHIP (199103500021),02/04/1991,Active,Limited Partnership - CA,CALIFORNIA,CHRISTOPHER CHASE
"BELL PROFESSIONAL PLAZA, A CALIFORNIA LIMITED PARTNERSHIP (198918000003)",06/29/1989,Active,Limited Partnership - CA,CALIFORNIA,RICHARD V. MCKINLEY
BELLA TORRE DE PISA LIMITED PARTNERSHIP A CALIFORNIA LIMITED PARTNERSHIP (198420600002),07/23/1984,Terminated,Limited Partnership - CA,CALIFORNIA,RICHARD A. VILLELLI
BELLFLOWER INCOME PROPERTY PARTNERSHIP LIMITED PARTNERSHIP (199919500013),07/07/1999,Active,Limited Partnership - CA,CALIFORNIA,DAVID R. JONES
"BELMONT PALM PROPERTIES, LTD., A CALIFORNIA LIMITED PARTNERSHIP (199407000004)",03/10/1994,Active,Limited Partnership - CA,CALIFORNIA,RICHARD A SHEHADEY
"BELMONT PROPERTIES LIMITED PARTNERSHIP, A CALIFORNIA LIMITED PARTNERSHIP (198707900007)",03/20/1987,Terminated,Limited Partnership - CA,CALIFORNIA,WILKIN KWAN
Ben Cohen PHD Psychologist PC (5334164),11/14/2022,Active,Stock Corporation - CA - Professional,CALIFORNIA,Ben Cohen
"BEN PERRY PRODUCTIONS/MOTION PICTURES, INC. (1315533)",08/13/1984,Suspended - FTB,Stock Corporation - CA - General,CALIFORNIA,WILLIAM  PRATT
"BENART-NEES PARK PLACE, A CALIFORNIA LIMITED PARTNERSHIP (199504800014)",02/17/1995,Terminated,Limited Partnership - CA,CALIFORNIA,
"BENCHMARK PACIFIC POINSETTIA, L.P., A CALIFORNIA LIMITED PARTNERSHIP (199335600013)",12/21/1993,Terminated,Limited Partnership - CA,CALIFORNIA,LORI L AVIS
BENICIA HISTORICAL PARK PLACE I A CALIFORNIA LIMITED PARTNERSHIP (198908700017),03/28/1989,Active - Pending Termination,Limited Partnership - CA,CALIFORNIA,NORMAN D. KOERNER
"BENICIA HISTORICAL PARK PLACE II, A CALIFORNIA LIMITED PARTNERSHIP (198531100013)",11/07/1985,Terminated,Limited Partnership - CA,CALIFORNIA,NORMAN D. KOERNER
"BENTON OIL & GAS COMBINATION PARTNERSHIP 1989-1 LIMITED PARTNERSHIP, A CALIFORNIA LIMITED PARTNERSHIP (199000800011)",12/26/1989,Terminated,Limited Partnership - CA,CALIFORNIA,GREGORY S. GRABAR
"BENTON OIL & GAS PRIVATE DRILLING PARTNERSHIP 1988-1, A CALIFORNIA LIMITED PARTNERSHIP (198905500013)",02/22/1989,Terminated,Limited Partnership - CA,CALIFORNIA,
"BENTON OIL & GAS PRIVATE DRILLING PARTNERSHIP 1989-1, LTD. A CALIFORNIA LIMITED PARTNERSHIP (198910100028)",04/11/1989,Terminated,Limited Partnership - CA,CALIFORNIA,A. E. BENTON
"BENTON OIL & GAS PRIVATE DRILLING PARTNERSHIP 1989-3, L.P., A CALIFORNIA LIMITED PARTNERSHIP (199003100031)",01/25/1990,Terminated,Limited Partnership - CA,CALIFORNIA,A.E. BENTON
"BENTON OIL & GAS PRIVATE DRILLING PARTNERSHIP 1990-1, L.P., A CALIFORNIA LIMITED PARTNERSHIP (199110000004)",04/08/1991,Terminated,Limited Partnership - CA,CALIFORNIA,A.E. BENTON
BENTON OIL & GAS PRIVATE DRILLING PARTNERSHP 1989-2 LIMITED PARTNERSHIP (199001000025),01/02/1990,Terminated,Limited Partnership - CA,CALIFORNIA,A.E. BENTON
"BENTON PETROLEUM DRILLING LIMITED PARTNERSHIP 1987-1, A CALIFORNIA LIMITED PARTNERSHIP (198906100002)",02/27/1989,Active,Limited Partnership - CA,CALIFORNIA,
"BENTON PETROLEUM DRILLING LIMITED PARTNERSHIP 1987-2, A CALIFORNIA LIMITED PARTNERSHIP (198906000018)",02/27/1989,Active,Limited Partnership - CA,CALIFORNIA,
"BERKELEY HILLS DENTISTRY - DENTAL PRACTICE OF VAGAN TAPALTSYAN DDS, PHD AND JASON O'BRIEN DDS, PC (4067752)",09/21/2017,Active,Stock Corporation - CA - Professional,CALIFORNIA,VAGAN TAPALTSYAN DDS PHD
"BERKELEY IN THE SIXTIES PRODUCTION PARTNERSHIP, A CALIFORNIA LIMITED PARTNERSHIP (198521100010)",07/29/1985,Terminated,Limited Partnership - CA,CALIFORNIA,MARK KITCHELL %KITCHELL FILMS
"BERKSHIRE PLACE PARTNERS, A CALIFORNIA LIMITED PARTNERSHIP (198715600021)",06/05/1987,Terminated,Limited Partnership - CA,CALIFORNIA,PHILIP N. ANGELIDES
"BERNADETTE B. HEID, PSY.D., A PROFESSIONAL PSYCHOLOGY CORPORATION (4562511)",02/04/2020,Active,Stock Corporation - CA - Professional,CALIFORNIA,DAVID LEATHERBERRY
"BERNARDO POINTE BUSINESS PARK, A CALIFORNIA LIMITED PARTNERSHIP (198621900019)",08/07/1986,Active,Limited Partnership - CA,CALIFORNIA,JOHN A. WOOD
"BERT FAERSTEIN, PH.D., AND DIANE E. DONNELLY, PH.D., A PSYCHOLOGICAL CORPORATION (2541803)",06/23/2003,Terminated,Stock Corporation - CA - General,CALIFORNIA,BERT  FAERSTEIN
"BEST PERFORMANCE AND PHYSICAL THERAPY, P.C. (4296437)",07/10/2019,Terminated,Stock Corporation - CA - General,CALIFORNIA,CHRISTOPHER COOKE
"BEST SHOT LIMITED PARTNERSHIP, PHASE I LIMITED PARTNERSHIP (199128100014)",10/07/1991,Terminated,Limited Partnership - CA,CALIFORNIA,DIANE WILSON
"BETA PERSONICS PARTNERS, A CALIFORNIA LIMITED PARTNERSHIP (198611800038)",04/28/1986,Terminated,Limited Partnership - CA,CALIFORNIA,ROBERT B. ZIDER
"BETH ROSENTHAL, PHD, A PROFESSIONAL PSYCHOLOGY CORPORATION (2508413)",05/02/2003,Terminated,Stock Corporation - CA - Professional,CALIFORNIA,BETH B ROSENTHAL
"BETSON PHOENIX LIMITED PARTNERSHIP, A CALIFORNIA LIMITED PARTNERSHIP (198925100016)",09/08/1989,Active,Limited Partnership - CA,CALIFORNIA,PETER H. BETTI
BETTERHEALTH: A PLANNED PARENTHOOD PARTNERSHIP (4666297),11/18/2020,Active,Nonprofit Corporation - Out of State,PENNSYLVANIA,REGISTERED AGENTS INC
"BEVERLY PALM PLAZA, A CALIFORNIA LIMITED PARTNERSHIP (199511700008)",04/24/1995,Terminated,Limited Partnership - CA,CALIFORNIA,LAWRENCE N. TAYLOR
"BEVERLY PARK LANE PARTNERS, A CALIFORNIA LIMITED PARTNERSHIP (199304700018)",02/16/1993,Terminated,Limited Partnership - CA,CALIFORNIA,BRIAN ADLER
BIG DALTON PLACE HOME PROJECT LIMITED PARTNERSHIP (199016200020),06/11/1990,Active,Limited Partnership - CA,CALIFORNIA,SHIH-SHONE WANG
"BIG POWER IN PRAYER MINISTRIES, (BELIEVING IN GOD'S POWER IN PRAYER) (4204654)",10/15/2018,Active,Nonprofit Corporation - CA - Religious,CALIFORNIA,GERSHEN PAPITO BUSUM
BIG SECRET PIZZA PARTY PRODUCTIONS (3892360),04/01/2016,Active,Stock Corporation - CA - General,CALIFORNIA,TRACY  BRIMNER
BILLIARD PALACE PARTNERS - A CALIFORNIA LIMITED PARTNERSHIP (198920200038),07/14/1989,Active,Limited Partnership - CA,CALIFORNIA,RONALD HALL
BILL'S PIZZA PALM SPRINGS & PALM DESERT LLC (202027510020),09/28/2020,Terminated,Limited Liability Company - CA,CALIFORNIA,MARK MUNROE
"BILTMORE PACIFIC PARTNERS, A CALIFORNIA LIMITED PARTNERSHIP (198436300105)",12/28/1984,Active,Limited Partnership - CA,CALIFORNIA,CHARLES R. LANDE
"BIO POWER PARTNERS, A CALIFORNIA LIMITED PARTNERSHIP (198505100092)",02/20/1985,Active,Limited Partnership - CA,CALIFORNIA,JOSEPH F. LANE
BIRDS OF PREY PRESERVATION PROGRAM (1790263),09/09/1996,Suspended - FTB/SOS,Nonprofit Corporation - CA - Public Benefit,CALIFORNIA,ESTELLE  BUSCH
"BIRRA PORETTI'S SOUTH COAST PLAZA, A CALIFORNIA LIMITED PARTNERSHIP (198722300029)",08/11/1987,Terminated,Limited Partnership - CA,CALIFORNIA,C T CORPORATION SYSTEM
"BIRTCHER BUSINESS CENTER - CORPORATE PALOMAR PHASE II, A CALIFORNIA LIMITED PARTNERSHIP (198525500022)",09/12/1985,Terminated,Limited Partnership - CA,CALIFORNIA,"BIRTCHER, RONALD E."
BISHOP PARENT PARTICIPATION PRE-SCHOOL (728865),01/06/1975,Suspended - FTB,Nonprofit Corporation - CA - Public Benefit,CALIFORNIA,ROBERT  KANE
"BK PATEL FAMILY PARTNERSHIP, A CALIFORNIA LIMITED PARTNERSHIP (200528500036)",10/12/2005,Terminated,Limited Partnership - CA,CALIFORNIA,BALUBHAI K. PATEL
"BLACKHAWK OIL PLAZA PARTNERS, A CALIFORNIA LIMITED PARTNERSHIP (199120300025)",07/22/1991,Active,Limited Partnership - CA,CALIFORNIA,MR. RANDALL W. BLANCHARD
"BLACKHAWK PLAZA PARTNERS, A CALIFORNIA LIMITED PARTNERSHIP (198630300015)",10/30/1986,Terminated,Limited Partnership - CA,CALIFORNIA,ROBERT YEE
"BLACKHAWK PLAZA PARTNERS, A CALIFORNIA LIMITED PARTNERSHIP (199103600011)",02/04/1991,Terminated,Limited Partnership - CA,CALIFORNIA,RANDALL W. BLANCHARD
BLASANNE RESOURCES PETROLEUM FUND - 1987 A LIMITED PARTNERSHIP A CALIFORNIA LIMITED PARTNERSHIP (198712700042),05/05/1987,Active,Limited Partnership - CA,CALIFORNIA,BLAKE WILSON
"BLESSEY PHYSICAL THERAPY, P.A., A PROFESSIONAL CORPORATION (1265695)",01/11/1985,Terminated,Stock Corporation - CA - Professional,CALIFORNIA,RAYMOND L BLESSEY
"BLEU PHYSICAL THERAPY AND PERFORMANCE, P.C. (3719883)",10/16/2014,Active,Stock Corporation - CA - General,CALIFORNIA,JACKIE LAU
"BLOODY POM POMS PRODUCTIONS, INC. (1404005)",04/07/1987,Suspended - FTB,Stock Corporation - CA - General,CALIFORNIA,DOUGLAS A SMITHERS
"BLUE MIND PSYCHOLOGICAL SERVICES, A PROFESSIONAL PSYCHOLOGICAL SERVICE CORPORATION (4802686)",10/19/2021,Active,Stock Corporation - CA - General,CALIFORNIA,SARA HICKMANN
"BOARDWALK PARK PLACE PARTNERS, A CALIFORNIA LIMITED PARTNERSHIP (198627200018)",09/29/1986,Terminated,Limited Partnership - CA,CALIFORNIA,
"BOB AND MARY PAYNE FAMILY PARTNERSHIP, A CALIFORNIA LIMITED PARTNERSHIP (200111600008)",04/23/2001,Active,Limited Partnership - CA,CALIFORNIA,BOB PAYNE
"BONITA POINT PLAZA, A CALIFORNIA LIMITED PARTNERSHIP (198634900006)",12/15/1986,Terminated,Limited Partnership - CA,CALIFORNIA,COLTON T. SUDBERRY
"BONUS POOL PARTNERS, A CALIFORNIA LIMITED PARTNERSHIP (199517700021)",06/26/1995,Active,Limited Partnership - CA,CALIFORNIA,IVAL MCMAINS
"BOREALIS POWER PARTNERS, A CALIFORNIA LIMITED PARTNERSHIP (198901300029)",01/13/1989,Terminated,Limited Partnership - CA,CALIFORNIA,"MARSHALL M. TAYLOR, ESQ., % LILLICK & MCHOSE"
"BOULDER POINTE PROPERTIES, LTD., A CALIFORNIA LIMITED PARTNERSHIP (198614700040)",05/27/1986,Terminated,Limited Partnership - CA,CALIFORNIA,JOHN A. SHAFFER
"BPI PROPERTIES PARTNERS, , A CALIFORNIA LIMITED PARTNERSHIP (198423700129)",08/24/1984,Terminated,Limited Partnership - CA,CALIFORNIA,KIMBALL W. SMALL
BRADFORD PARK PROPERTIES LIMITED PARTNERSHIP (200500700032),01/07/2005,Active,Limited Partnership - CA,CALIFORNIA,WILLIAM R. MITCHELL
"BRAE PARTNERS LIMITED PARTNERSHIP VII, A CALIFORNIA LIMITED PARTNERSHIP (198418201416)",07/01/1984,Active,Limited Partnership - CA,CALIFORNIA,
"BRAE PARTNERS LIMITED PARTNERSHIP VIII, A CALIFORNIA LIMITED PARTNERSHIP (198432500051)",11/20/1984,Active,Limited Partnership - CA,CALIFORNIA,ALFRED C. DOSSA
"BRAEBURN PARK PARTNERS, A CALIFORNIA LIMITED PARTNERSHIP (199804800005)",02/11/1998,Active,Limited Partnership - CA,CALIFORNIA,GREG LYON
"BRAIN HEALTH PARTNERS, A PROFESSIONAL PSYCHOLOGICAL CORPORATION (4189059)",08/27/2018,Active,Stock Corporation - CA - Professional,CALIFORNIA,NICHOLAS  BOTT
"BRANDON PLACE PARTNERS, LTD., A CALIFORNIA LIMITED PARTNERSHIP (199002200023)",01/16/1990,Active,Limited Partnership - CA,CALIFORNIA,M DAVID PACKARD
"BRANFORD PROPERTIES LIMITED PARTNERSHIP, A CALIFORNIA LIMITED PARTNERSHIP (199130900011)",11/04/1991,Active,Limited Partnership - CA,CALIFORNIA,MARSHALL WENGROW
"BRANHAMS BRANCH PRODUCTION PARTNERSHIP, LTD., A CALIFORNIA LIMITED PARTNERSHIP (199012100019)",05/01/1990,Active,Limited Partnership - CA,CALIFORNIA,DANIEL J. RISH
"BREAST CANCER RECOVERY PLUS, INC., A PEER SUPPORT PROJECT (1243878)",03/12/1984,Terminated,Nonprofit Corporation - CA - Public Benefit,CALIFORNIA,DOROTHY  GILDEN
"BRIDLE PATH PLACE LIMITED PARTNERSHIP, A CALIFORNIA LIMITED PARTNERSHIP (199824600005)",09/03/1998,Converted Out,Limited Partnership - CA,CALIFORNIA,DAVID L. MIDURA
"Brighton Earley, Psy.D. Licensed Psychologist Professional Corporation (5003790)",04/08/2022,Active,Stock Corporation - CA - Professional,CALIFORNIA,A BETTER PROFESSIONAL CORPORATION
"BRIGITTE L. LANK, PH.D. PSYCHOLOGIST AND CONSULTANT, PC (3952081)",10/05/2016,Active,Stock Corporation - CA - Professional,CALIFORNIA,BRIGITTE L LANK
"BRITE AND FINAL DENTAL PRACTICE OF PARISSA BAYAT, D.D.S., A PROFESSIONAL CORPORATION (3234551)",09/18/2009,Suspended - FTB/SOS,Stock Corporation - CA - Professional,CALIFORNIA,PARIS  BAYAT
"BRITTANY PARK PARTNERSHIP, LTD., A CALIFORNIA LIMITED PARTNERSHIP (199826700008)",09/23/1998,Terminated,Limited Partnership - CA,CALIFORNIA,ALBERT PORTLOCK
"BROADWAY PARK, A LIMITED PARTNERSHIP, A CALIFORNIA LIMITED PARTNERSHIP (198418100193)",07/01/1984,Terminated,Limited Partnership - CA,CALIFORNIA,THOMAS MCCORMICK
"BROADWAY PLAZA BUILDING PARTNERS, A CALIFORNIA LIMITED PARTNERSHIP (198712800017)",05/05/1987,Active,Limited Partnership - CA,CALIFORNIA,ZEV BEN-SIMON
"BROADWAY PLAZA PARTNERS, A CALIFORNIA LIMITED PARTNERSHIP (198509200023)",04/02/1985,Active - Pending Termination,Limited Partnership - CA,CALIFORNIA,ROBERT K. OSTENGAARD
"BROADWAY PLAZA PROPERTIES, LTD., A CALIFORNIA LIMITED PARTNERSHIP (198815800015)",06/06/1988,Terminated,Limited Partnership - CA,CALIFORNIA,PHILLIP L. MORGAN
"BROOKE P. JACKSON, PSYCHOLOGIST, A PROFESSIONAL CORPORATION (4566711)",02/14/2020,Active,Stock Corporation - CA - Professional,CALIFORNIA,WHEELER/CORR TAX SOLUTIONS
"BRUCE V. FIGUERED, PH.D., A PROFESSIONAL PSYCHOLOGY CORPORATION (2595795)",06/14/2006,Active,Stock Corporation - CA - Professional,CALIFORNIA,BRUCE V FIGUERED
"BRUCE W. HONEYMAN, PH.D. & E. KIRSTEN HONEYMAN, PH.D. PSYCHOLOGY CORPORATION (3863667)",01/13/2016,Terminated,Stock Corporation - CA - General,CALIFORNIA,"E. KIRSTEN HONEYMAN, PH.D."
"BRUIN POWER LIMITED PARTNERSHIP, A CALIFORNIA LIMITED PARTNERSHIP (198823600022)",08/23/1988,Active,Limited Partnership - CA,CALIFORNIA,
"BRYAN T. FORRESTER PH.D. PSYCHOLOGIST, P.C (4162804)",06/11/2018,Terminated,Stock Corporation - CA - General,CALIFORNIA,"LEGALCORP SOLUTIONS, INC"
"BRYNHURST AVENUE PROJECT, A LIMITED PARTNERSHIP, A CALIFORNIA LIMITED PARTNERSHIP (198730000031)",10/20/1987,Active - Pending Termination,Limited Partnership - CA,CALIFORNIA,JOHN BEBOUT
"BUENA PARK PLAZA VENTURES, A CALIFORNIA LIMITED PARTNERSHIP (198716100025)",06/08/1987,Active,Limited Partnership - CA,CALIFORNIA,DONALD GOODWIN
"BUENA PARK PROMENADE PARCEL 4, LLC (200817310103)",06/20/2008,Terminated,Limited Liability Company - CA,CALIFORNIA,MICHAEL H MUGEL
BUILTMORE (WESTERN PROJECT) PARTNERSHIP A CALIFORNIA LIMITED PARTNERSHIP (198804700046),02/11/1988,Terminated,Limited Partnership - CA,CALIFORNIA,SUNG KEUNG GOH
"BULLHEAD CITY MARINA PLAZA PARTNERSHIP, A CALIFORNIA LIMITED PARTNERSHIP (199726600017)",09/22/1997,Active,Limited Partnership - CA,CALIFORNIA,BENJAMIN F VENTI
"BURBANK PRODUCTION PLAZA, LTD., A CALIFORNIA LIMITED PARTNERSHIP (198508100012)",03/22/1985,Active,Limited Partnership - CA,CALIFORNIA,DAVID G. TRUDEAU
"BURGESS & POLLOCK PSYCHOLOGIST, A PROFESSIONAL CORPORATION (2571339)",01/06/2004,Terminated,Stock Corporation - CA - Professional,CALIFORNIA,ROBERT F BURGESS
"BURNHAM PARK PLAZA, LTD., A CALIFORNIA LIMITED PARTNERSHIP (198632300007)",11/19/1986,Active,Limited Partnership - CA,CALIFORNIA,JAMES L. HILLMAN
"BURSTON PALM SPRINGS PROPERTY PARTNERSHIP, L.P. (199920700026)",07/26/1999,Active,Limited Partnership - CA,CALIFORNIA,ELAYNE SILVER
"BUSINESS PARK INDUSTRIAL PROPERTIES PARTNERS, A CALIFORNIA LIMITED PARTNERSHIP (199410500003)",03/28/1994,Converted Out,Limited Partnership - CA,CALIFORNIA,ROBERT COLUCCI
"BUSINESS PARK PARTNERS, A CALIFORNIA LIMITED PARTNERSHIP (198432400050)",11/19/1984,Terminated,Limited Partnership - CA,CALIFORNIA,CALVIN H. JOHNSTON
"BUTLER/COPPERTREE PLAZA PROPERTIES, LTD. A CALIFORNIA LIMITED PARTNERSHIP (198706300003)",03/03/1987,Active,Limited Partnership - CA,CALIFORNIA,JOHN K. BUTLER
"BUTTE PREMIER PHYSICAL THERAPY, INC., A PROFESSIONAL PHYSICAL THERAPY CORPORATION (3051301)",09/25/2007,Active,Stock Corporation - CA - Professional,CALIFORNIA,LEIGH KEITH LANGERWERF
"BUYERS VEHICLE PROTECTION PLAN, INC., A PROFIT CORPORATION (1837721)",08/28/1992,Active,Stock Corporation - Out of State - Stock,MICHIGAN,CSC - LAWYERS INCORPORATING SERVICE
"C & P PROPERTIES #1, A CALIFORNIA LIMITED PARTNERSHIP (199533300002)",11/27/1995,Active,Limited Partnership - CA,CALIFORNIA,
"C & P PROPERTIES #2, A CALIFORNIA LIMITED PARTNERSHIP (199533300003)",11/27/1995,Active,Limited Partnership - CA,CALIFORNIA,
C L STARLIGHT PROPERTY LIMITED PARTNERSHIP A CALIFORNIA LIMITED PARTNERSHIP (198602100057),01/21/1986,Active,Limited Partnership - CA,CALIFORNIA,"BOBBIE MCNEIL, PRESIDENT, INTEGRITY ESCROW"
"C P - COMMONWEALTH PROPERTIES, A CALIFORNIA LIMITED PARTNERSHIP (198723200003)",08/11/1987,Terminated,Limited Partnership - CA,CALIFORNIA,JOYCE YI-CHUNG LIANG
"C P - HUNTINGTON PROPERTIES V, A CALIFORNIA LIMITED PARTNERSHIP (198723200002)",08/11/1987,Terminated,Limited Partnership - CA,CALIFORNIA,JOYCE YI-CHUNG LIANG
"C P PROPERTIES, LTD., A CALIFORNIA LIMITED PARTNERSHIP (198733600043)",11/23/1987,Terminated,Limited Partnership - CA,CALIFORNIA,SANDRA HARTNESS
"C P SHOPPING CENTER PARTNERS, A CALIFORNIA LIMITED PARTNERSHIP (198835000025)",12/15/1988,Terminated,Limited Partnership - CA,CALIFORNIA,"ANTHONY J. ROSSI, ESQ."
"C P-HUNTINGTON PROPERTIES II, A CALIFORNIA LIMITED PARTNERSHIP (198709600005)",04/03/1987,Terminated,Limited Partnership - CA,CALIFORNIA,BENSON WU
"C P-HUNTINGTON PROPERTIES III, A CALIFORNIA LIMITED PARTNERSHIP (198709600007)",04/03/1987,Terminated,Limited Partnership - CA,CALIFORNIA,BENSON WU
"C P-HUNTINGTON PROPERTIES IV, A CALIFORNIA LIMITED PARTNERSHIP (198709600008)",04/03/1987,Terminated,Limited Partnership - CA,CALIFORNIA,BENSON WU
"C&C PF PRODUCTION PAYROLL , LLC (201505110337)",02/17/2015,Terminated,Limited Liability Company - Out of State,DELAWARE,SALLY A KNUTSON
"C. G. PIZZA HUT PARTNERS, A CALIFORNIA LIMITED PARTNERSHIP (198626800014)",09/25/1986,Active,Limited Partnership - CA,CALIFORNIA,
"C. NORMAN JACOBS, PHD., AND GERALD R. WHITE, PHD., PSYCHOLOGISTS, INC. (624981)",05/25/1971,Terminated,Stock Corporation - CA - General,CALIFORNIA,C NORMAN JACOBS
"C.C. PUEBLO PARK INVESTORS, A CALIFORNIA LIMITED PARTNERSHIP (198600600037)",12/27/1985,Active,Limited Partnership - CA,CALIFORNIA,ROBERT A. SPADE
C.O.R.E. PHYSICAL THERAPY BY BRYAN PACILLAS P.C. (3592422),07/30/2013,Active,Stock Corporation - CA - General,CALIFORNIA,BRYAN R PACILLAS
C.W. PHIPPS AND MARY R. PHIPPS FAMILY LIMITED PARTNERSHIP (199315900026),06/08/1993,Terminated,Limited Partnership - CA,CALIFORNIA,C.W. PHIPPS
CA-BAY PARK PLAZA LIMITED PARTNERSHIP (200611400025),04/21/2006,Terminated,Limited Partnership - Out of State,DELAWARE,CORPORATION SERVICE COMPANY WHICH WILL DO BUSINESS IN CALIFORNIA AS CSC - LAWYERS INCORPORATING SERVICE
"CABRILLO POINTE PARTNERS, LTD., A CALIFORNIA LIMITED PARTNERSHIP (198431000035)",11/05/1984,Terminated,Limited Partnership - CA,CALIFORNIA,"JACK E. NEWQUIST, JR."
CA-CENTRAL PARK PLAZA LIMITED PARTNERSHIP (200302800020),01/27/2003,Terminated,Limited Partnership - Out of State,DELAWARE,
"CAL PAC PLEASANTON, A CALIFORNIA LIMITED PARTNERSHIP (198422200144)",08/09/1984,Terminated,Limited Partnership - CA,CALIFORNIA,F. WILLIAM DORBAND
CAL POLY POMONA PHILANTHROPIC FOUNDATION (4203570),10/12/2018,Active,Nonprofit Corporation - CA - Public Benefit,CALIFORNIA,Arah Parker
"CAL POLY SIG PARTNERS, A CALIFORNIA LIMITED PARTNERSHIP (198521800071)",08/06/1985,Active,Limited Partnership - CA,CALIFORNIA,
